2026-07-30 12:51:15.506 [background-preinit] DEBUG org.jboss.logging - Logging Provider: org.jboss.logging.Slf4jLoggerProvider found via system property
2026-07-30 12:51:15.578 [restartedMain] INFO  c.t.TicketOnlineApplication - Starting TicketOnlineApplication using Java 17.0.19 with PID 15579 (/home/camdao/Desktop/ticket-online/build/classes/java/main started by camdao in /home/camdao/Desktop/ticket-online)
2026-07-30 12:51:15.579 [restartedMain] DEBUG c.t.TicketOnlineApplication - Running with Spring Boot v3.3.8, Spring v6.1.16
2026-07-30 12:51:15.580 [restartedMain] INFO  c.t.TicketOnlineApplication - The following 4 profiles are active: "redis", "datasource", "security", "dev"
2026-07-30 12:51:15.654 [restartedMain] INFO  o.s.b.d.e.DevToolsPropertyDefaultsPostProcessor - Devtools property defaults active! Set 'spring.devtools.add-properties' to 'false' to disable
2026-07-30 12:51:15.654 [restartedMain] INFO  o.s.b.d.e.DevToolsPropertyDefaultsPostProcessor - For additional web related logging consider setting the 'logging.level.web' property to 'DEBUG'
2026-07-30 12:51:16.949 [restartedMain] INFO  o.s.d.r.c.RepositoryConfigurationDelegate - Multiple Spring Data modules found, entering strict repository configuration mode
2026-07-30 12:51:16.949 [restartedMain] INFO  o.s.d.r.c.RepositoryConfigurationDelegate - Bootstrapping Spring Data Redis repositories in DEFAULT mode.
2026-07-30 12:51:16.974 [restartedMain] INFO  o.s.d.r.c.RepositoryConfigurationDelegate - Finished Spring Data repository scanning in 6 ms. Found 0 Redis repository interfaces.
2026-07-30 12:51:17.568 [restartedMain] INFO  o.s.d.r.c.RepositoryConfigurationDelegate - Multiple Spring Data modules found, entering strict repository configuration mode
2026-07-30 12:51:17.569 [restartedMain] INFO  o.s.d.r.c.RepositoryConfigurationDelegate - Bootstrapping Spring Data JPA repositories in DEFAULT mode.
2026-07-30 12:51:17.627 [restartedMain] INFO  o.s.d.r.c.RepositoryConfigurationExtensionSupport - Spring Data JPA - Could not safely identify store assignment for repository candidate interface com.ticket_online.domain.auth.dao.RefreshTokenRepository; If you want this repository to be a JPA repository, consider annotating your entities with one of these annotations: jakarta.persistence.Entity, jakarta.persistence.MappedSuperclass (preferred), or consider extending one of the following types with your repository: org.springframework.data.jpa.repository.JpaRepository
2026-07-30 12:51:17.816 [restartedMain] INFO  o.s.d.r.c.RepositoryConfigurationDelegate - Finished Spring Data repository scanning in 243 ms. Found 9 JPA repository interfaces.
2026-07-30 12:51:17.830 [restartedMain] INFO  o.s.d.r.c.RepositoryConfigurationDelegate - Multiple Spring Data modules found, entering strict repository configuration mode
2026-07-30 12:51:17.831 [restartedMain] INFO  o.s.d.r.c.RepositoryConfigurationDelegate - Bootstrapping Spring Data Redis repositories in DEFAULT mode.
2026-07-30 12:51:17.853 [restartedMain] INFO  o.s.d.r.c.RepositoryConfigurationExtensionSupport - Spring Data Redis - Could not safely identify store assignment for repository candidate interface com.ticket_online.domain.bookings.dao.BookingDetailRepository; If you want this repository to be a Redis repository, consider annotating your entities with one of these annotations: org.springframework.data.redis.core.RedisHash (preferred), or consider extending one of the following types with your repository: org.springframework.data.keyvalue.repository.KeyValueRepository
2026-07-30 12:51:17.854 [restartedMain] INFO  o.s.d.r.c.RepositoryConfigurationExtensionSupport - Spring Data Redis - Could not safely identify store assignment for repository candidate interface com.ticket_online.domain.bookings.dao.BookingRepository; If you want this repository to be a Redis repository, consider annotating your entities with one of these annotations: org.springframework.data.redis.core.RedisHash (preferred), or consider extending one of the following types with your repository: org.springframework.data.keyvalue.repository.KeyValueRepository
2026-07-30 12:51:17.854 [restartedMain] INFO  o.s.d.r.c.RepositoryConfigurationExtensionSupport - Spring Data Redis - Could not safely identify store assignment for repository candidate interface com.ticket_online.domain.cinemas.dao.CinemaRepository; If you want this repository to be a Redis repository, consider annotating your entities with one of these annotations: org.springframework.data.redis.core.RedisHash (preferred), or consider extending one of the following types with your repository: org.springframework.data.keyvalue.repository.KeyValueRepository
2026-07-30 12:51:17.855 [restartedMain] INFO  o.s.d.r.c.RepositoryConfigurationExtensionSupport - Spring Data Redis - Could not safely identify store assignment for repository candidate interface com.ticket_online.domain.movies.dao.MovieRepository; If you want this repository to be a Redis repository, consider annotating your entities with one of these annotations: org.springframework.data.redis.core.RedisHash (preferred), or consider extending one of the following types with your repository: org.springframework.data.keyvalue.repository.KeyValueRepository
2026-07-30 12:51:17.855 [restartedMain] INFO  o.s.d.r.c.RepositoryConfigurationExtensionSupport - Spring Data Redis - Could not safely identify store assignment for repository candidate interface com.ticket_online.domain.payments.dao.PaymentRepository; If you want this repository to be a Redis repository, consider annotating your entities with one of these annotations: org.springframework.data.redis.core.RedisHash (preferred), or consider extending one of the following types with your repository: org.springframework.data.keyvalue.repository.KeyValueRepository
2026-07-30 12:51:17.856 [restartedMain] INFO  o.s.d.r.c.RepositoryConfigurationExtensionSupport - Spring Data Redis - Could not safely identify store assignment for repository candidate interface com.ticket_online.domain.rooms.dao.RoomRepository; If you want this repository to be a Redis repository, consider annotating your entities with one of these annotations: org.springframework.data.redis.core.RedisHash (preferred), or consider extending one of the following types with your repository: org.springframework.data.keyvalue.repository.KeyValueRepository
2026-07-30 12:51:17.857 [restartedMain] INFO  o.s.d.r.c.RepositoryConfigurationExtensionSupport - Spring Data Redis - Could not safely identify store assignment for repository candidate interface com.ticket_online.domain.seats.dao.SeatRepository; If you want this repository to be a Redis repository, consider annotating your entities with one of these annotations: org.springframework.data.redis.core.RedisHash (preferred), or consider extending one of the following types with your repository: org.springframework.data.keyvalue.repository.KeyValueRepository
2026-07-30 12:51:17.857 [restartedMain] INFO  o.s.d.r.c.RepositoryConfigurationExtensionSupport - Spring Data Redis - Could not safely identify store assignment for repository candidate interface com.ticket_online.domain.showtimes.dao.ShowtimeRepository; If you want this repository to be a Redis repository, consider annotating your entities with one of these annotations: org.springframework.data.redis.core.RedisHash (preferred), or consider extending one of the following types with your repository: org.springframework.data.keyvalue.repository.KeyValueRepository
2026-07-30 12:51:17.858 [restartedMain] INFO  o.s.d.r.c.RepositoryConfigurationExtensionSupport - Spring Data Redis - Could not safely identify store assignment for repository candidate interface com.ticket_online.domain.user.dao.UserRepository; If you want this repository to be a Redis repository, consider annotating your entities with one of these annotations: org.springframework.data.redis.core.RedisHash (preferred), or consider extending one of the following types with your repository: org.springframework.data.keyvalue.repository.KeyValueRepository
2026-07-30 12:51:17.871 [restartedMain] INFO  o.s.d.r.c.RepositoryConfigurationDelegate - Finished Spring Data repository scanning in 39 ms. Found 1 Redis repository interface.
2026-07-30 12:51:18.691 [restartedMain] DEBUG o.a.c.core.AprLifecycleListener - The Apache Tomcat Native library could not be found using names [tcnative-2, libtcnative-2, tcnative-1, libtcnative-1] on the java.library.path [/usr/java/packages/lib:/usr/lib/x86_64-linux-gnu/jni:/lib/x86_64-linux-gnu:/usr/lib/x86_64-linux-gnu:/usr/lib/jni:/lib:/usr/lib]. The errors reported were [Can't load library: /home/camdao/Desktop/ticket-online/bin/libtcnative-2.so, Can't load library: /home/camdao/Desktop/ticket-online/bin/liblibtcnative-2.so, Can't load library: /home/camdao/Desktop/ticket-online/bin/libtcnative-1.so, Can't load library: /home/camdao/Desktop/ticket-online/bin/liblibtcnative-1.so, no tcnative-2 in java.library.path: /usr/java/packages/lib:/usr/lib/x86_64-linux-gnu/jni:/lib/x86_64-linux-gnu:/usr/lib/x86_64-linux-gnu:/usr/lib/jni:/lib:/usr/lib, no libtcnative-2 in java.library.path: /usr/java/packages/lib:/usr/lib/x86_64-linux-gnu/jni:/lib/x86_64-linux-gnu:/usr/lib/x86_64-linux-gnu:/usr/lib/jni:/lib:/usr/lib, no tcnative-1 in java.library.path: /usr/java/packages/lib:/usr/lib/x86_64-linux-gnu/jni:/lib/x86_64-linux-gnu:/usr/lib/x86_64-linux-gnu:/usr/lib/jni:/lib:/usr/lib, no libtcnative-1 in java.library.path: /usr/java/packages/lib:/usr/lib/x86_64-linux-gnu/jni:/lib/x86_64-linux-gnu:/usr/lib/x86_64-linux-gnu:/usr/lib/jni:/lib:/usr/lib]
org.apache.tomcat.jni.LibraryNotFoundError: Can't load library: /home/camdao/Desktop/ticket-online/bin/libtcnative-2.so, Can't load library: /home/camdao/Desktop/ticket-online/bin/liblibtcnative-2.so, Can't load library: /home/camdao/Desktop/ticket-online/bin/libtcnative-1.so, Can't load library: /home/camdao/Desktop/ticket-online/bin/liblibtcnative-1.so, no tcnative-2 in java.library.path: /usr/java/packages/lib:/usr/lib/x86_64-linux-gnu/jni:/lib/x86_64-linux-gnu:/usr/lib/x86_64-linux-gnu:/usr/lib/jni:/lib:/usr/lib, no libtcnative-2 in java.library.path: /usr/java/packages/lib:/usr/lib/x86_64-linux-gnu/jni:/lib/x86_64-linux-gnu:/usr/lib/x86_64-linux-gnu:/usr/lib/jni:/lib:/usr/lib, no tcnative-1 in java.library.path: /usr/java/packages/lib:/usr/lib/x86_64-linux-gnu/jni:/lib/x86_64-linux-gnu:/usr/lib/x86_64-linux-gnu:/usr/lib/jni:/lib:/usr/lib, no libtcnative-1 in java.library.path: /usr/java/packages/lib:/usr/lib/x86_64-linux-gnu/jni:/lib/x86_64-linux-gnu:/usr/lib/x86_64-linux-gnu:/usr/lib/jni:/lib:/usr/lib
	at org.apache.tomcat.jni.Library.<init>(Library.java:91)
	at org.apache.tomcat.jni.Library.initialize(Library.java:147)
	at org.apache.catalina.core.AprLifecycleListener.init(AprLifecycleListener.java:211)
	at org.apache.catalina.core.AprLifecycleListener.isAprAvailable(AprLifecycleListener.java:113)
	at org.springframework.boot.web.embedded.tomcat.TomcatServletWebServerFactory.getDefaultServerLifecycleListeners(TomcatServletWebServerFactory.java:191)
	at org.springframework.boot.web.embedded.tomcat.TomcatServletWebServerFactory.<init>(TomcatServletWebServerFactory.java:138)
	at org.springframework.boot.autoconfigure.web.servlet.ServletWebServerFactoryConfiguration$EmbeddedTomcat.tomcatServletWebServerFactory(ServletWebServerFactoryConfiguration.java:73)
	at java.base/jdk.internal.reflect.NativeMethodAccessorImpl.invoke0(Native Method)
	at java.base/jdk.internal.reflect.NativeMethodAccessorImpl.invoke(NativeMethodAccessorImpl.java:77)
	at java.base/jdk.internal.reflect.DelegatingMethodAccessorImpl.invoke(DelegatingMethodAccessorImpl.java:43)
	at java.base/java.lang.reflect.Method.invoke(Method.java:569)
	at org.springframework.beans.factory.support.SimpleInstantiationStrategy.instantiate(SimpleInstantiationStrategy.java:146)
	at org.springframework.beans.factory.support.ConstructorResolver.instantiate(ConstructorResolver.java:644)
	at org.springframework.beans.factory.support.ConstructorResolver.instantiateUsingFactoryMethod(ConstructorResolver.java:636)
	at org.springframework.beans.factory.support.AbstractAutowireCapableBeanFactory.instantiateUsingFactoryMethod(AbstractAutowireCapableBeanFactory.java:1355)
	at org.springframework.beans.factory.support.AbstractAutowireCapableBeanFactory.createBeanInstance(AbstractAutowireCapableBeanFactory.java:1185)
	at org.springframework.beans.factory.support.AbstractAutowireCapableBeanFactory.doCreateBean(AbstractAutowireCapableBeanFactory.java:562)
	at org.springframework.beans.factory.support.AbstractAutowireCapableBeanFactory.createBean(AbstractAutowireCapableBeanFactory.java:522)
	at org.springframework.beans.factory.support.AbstractBeanFactory.lambda$doGetBean$0(AbstractBeanFactory.java:337)
	at org.springframework.beans.factory.support.DefaultSingletonBeanRegistry.getSingleton(DefaultSingletonBeanRegistry.java:234)
	at org.springframework.beans.factory.support.AbstractBeanFactory.doGetBean(AbstractBeanFactory.java:335)
	at org.springframework.beans.factory.support.AbstractBeanFactory.getBean(AbstractBeanFactory.java:205)
	at org.springframework.boot.web.servlet.context.ServletWebServerApplicationContext.getWebServerFactory(ServletWebServerApplicationContext.java:223)
	at org.springframework.boot.web.servlet.context.ServletWebServerApplicationContext.createWebServer(ServletWebServerApplicationContext.java:186)
	at org.springframework.boot.web.servlet.context.ServletWebServerApplicationContext.onRefresh(ServletWebServerApplicationContext.java:162)
	at org.springframework.context.support.AbstractApplicationContext.refresh(AbstractApplicationContext.java:619)
	at org.springframework.boot.web.servlet.context.ServletWebServerApplicationContext.refresh(ServletWebServerApplicationContext.java:146)
	at org.springframework.boot.SpringApplication.refresh(SpringApplication.java:754)
	at org.springframework.boot.SpringApplication.refreshContext(SpringApplication.java:456)
	at org.springframework.boot.SpringApplication.run(SpringApplication.java:335)
	at org.springframework.boot.SpringApplication.run(SpringApplication.java:1363)
	at org.springframework.boot.SpringApplication.run(SpringApplication.java:1352)
	at com.ticket_online.TicketOnlineApplication.main(TicketOnlineApplication.java:12)
	at java.base/jdk.internal.reflect.NativeMethodAccessorImpl.invoke0(Native Method)
	at java.base/jdk.internal.reflect.NativeMethodAccessorImpl.invoke(NativeMethodAccessorImpl.java:77)
	at java.base/jdk.internal.reflect.DelegatingMethodAccessorImpl.invoke(DelegatingMethodAccessorImpl.java:43)
	at java.base/java.lang.reflect.Method.invoke(Method.java:569)
	at org.springframework.boot.devtools.restart.RestartLauncher.run(RestartLauncher.java:50)
2026-07-30 12:51:18.948 [restartedMain] DEBUG o.a.tomcat.util.compat.Jre19Compat - Class not found so assuming code is running on a pre-Java 19 JVM
java.lang.ClassNotFoundException: java.lang.WrongThreadException
	at java.base/jdk.internal.loader.BuiltinClassLoader.loadClass(BuiltinClassLoader.java:641)
	at java.base/jdk.internal.loader.ClassLoaders$AppClassLoader.loadClass(ClassLoaders.java:188)
	at java.base/java.lang.ClassLoader.loadClass(ClassLoader.java:525)
	at java.base/java.lang.Class.forName0(Native Method)
	at java.base/java.lang.Class.forName(Class.java:377)
	at org.apache.tomcat.util.compat.Jre19Compat.<clinit>(Jre19Compat.java:37)
	at org.apache.tomcat.util.compat.JreCompat.<clinit>(JreCompat.java:60)
	at org.apache.catalina.startup.Tomcat.<clinit>(Tomcat.java:1193)
	at org.springframework.boot.web.embedded.tomcat.TomcatServletWebServerFactory.getWebServer(TomcatServletWebServerFactory.java:203)
	at org.springframework.boot.web.servlet.context.ServletWebServerApplicationContext.createWebServer(ServletWebServerApplicationContext.java:188)
	at org.springframework.boot.web.servlet.context.ServletWebServerApplicationContext.onRefresh(ServletWebServerApplicationContext.java:162)
	at org.springframework.context.support.AbstractApplicationContext.refresh(AbstractApplicationContext.java:619)
	at org.springframework.boot.web.servlet.context.ServletWebServerApplicationContext.refresh(ServletWebServerApplicationContext.java:146)
	at org.springframework.boot.SpringApplication.refresh(SpringApplication.java:754)
	at org.springframework.boot.SpringApplication.refreshContext(SpringApplication.java:456)
	at org.springframework.boot.SpringApplication.run(SpringApplication.java:335)
	at org.springframework.boot.SpringApplication.run(SpringApplication.java:1363)
	at org.springframework.boot.SpringApplication.run(SpringApplication.java:1352)
	at com.ticket_online.TicketOnlineApplication.main(TicketOnlineApplication.java:12)
	at java.base/jdk.internal.reflect.NativeMethodAccessorImpl.invoke0(Native Method)
	at java.base/jdk.internal.reflect.NativeMethodAccessorImpl.invoke(NativeMethodAccessorImpl.java:77)
	at java.base/jdk.internal.reflect.DelegatingMethodAccessorImpl.invoke(DelegatingMethodAccessorImpl.java:43)
	at java.base/java.lang.reflect.Method.invoke(Method.java:569)
	at org.springframework.boot.devtools.restart.RestartLauncher.run(RestartLauncher.java:50)
2026-07-30 12:51:18.949 [restartedMain] DEBUG o.a.tomcat.util.compat.Jre21Compat - Class not found so assuming code is running on a pre-Java 21 JVM
java.lang.ClassNotFoundException: java.lang.Thread$Builder
	at java.base/jdk.internal.loader.BuiltinClassLoader.loadClass(BuiltinClassLoader.java:641)
	at java.base/jdk.internal.loader.ClassLoaders$AppClassLoader.loadClass(ClassLoaders.java:188)
	at java.base/java.lang.ClassLoader.loadClass(ClassLoader.java:525)
	at java.base/java.lang.Class.forName0(Native Method)
	at java.base/java.lang.Class.forName(Class.java:377)
	at org.apache.tomcat.util.compat.Jre21Compat.<clinit>(Jre21Compat.java:49)
	at org.apache.tomcat.util.compat.JreCompat.<clinit>(JreCompat.java:60)
	at org.apache.catalina.startup.Tomcat.<clinit>(Tomcat.java:1193)
	at org.springframework.boot.web.embedded.tomcat.TomcatServletWebServerFactory.getWebServer(TomcatServletWebServerFactory.java:203)
	at org.springframework.boot.web.servlet.context.ServletWebServerApplicationContext.createWebServer(ServletWebServerApplicationContext.java:188)
	at org.springframework.boot.web.servlet.context.ServletWebServerApplicationContext.onRefresh(ServletWebServerApplicationContext.java:162)
	at org.springframework.context.support.AbstractApplicationContext.refresh(AbstractApplicationContext.java:619)
	at org.springframework.boot.web.servlet.context.ServletWebServerApplicationContext.refresh(ServletWebServerApplicationContext.java:146)
	at org.springframework.boot.SpringApplication.refresh(SpringApplication.java:754)
	at org.springframework.boot.SpringApplication.refreshContext(SpringApplication.java:456)
	at org.springframework.boot.SpringApplication.run(SpringApplication.java:335)
	at org.springframework.boot.SpringApplication.run(SpringApplication.java:1363)
	at org.springframework.boot.SpringApplication.run(SpringApplication.java:1352)
	at com.ticket_online.TicketOnlineApplication.main(TicketOnlineApplication.java:12)
	at java.base/jdk.internal.reflect.NativeMethodAccessorImpl.invoke0(Native Method)
	at java.base/jdk.internal.reflect.NativeMethodAccessorImpl.invoke(NativeMethodAccessorImpl.java:77)
	at java.base/jdk.internal.reflect.DelegatingMethodAccessorImpl.invoke(DelegatingMethodAccessorImpl.java:43)
	at java.base/java.lang.reflect.Method.invoke(Method.java:569)
	at org.springframework.boot.devtools.restart.RestartLauncher.run(RestartLauncher.java:50)
2026-07-30 12:51:18.950 [restartedMain] DEBUG o.a.tomcat.util.compat.Jre22Compat - Class not found so assuming code is running on a pre-Java 22 JVM
java.lang.ClassNotFoundException: java.text.ListFormat
	at java.base/jdk.internal.loader.BuiltinClassLoader.loadClass(BuiltinClassLoader.java:641)
	at java.base/jdk.internal.loader.ClassLoaders$AppClassLoader.loadClass(ClassLoaders.java:188)
	at java.base/java.lang.ClassLoader.loadClass(ClassLoader.java:525)
	at java.base/java.lang.Class.forName0(Native Method)
	at java.base/java.lang.Class.forName(Class.java:377)
	at org.apache.tomcat.util.compat.Jre22Compat.<clinit>(Jre22Compat.java:37)
	at org.apache.tomcat.util.compat.JreCompat.<clinit>(JreCompat.java:60)
	at org.apache.catalina.startup.Tomcat.<clinit>(Tomcat.java:1193)
	at org.springframework.boot.web.embedded.tomcat.TomcatServletWebServerFactory.getWebServer(TomcatServletWebServerFactory.java:203)
	at org.springframework.boot.web.servlet.context.ServletWebServerApplicationContext.createWebServer(ServletWebServerApplicationContext.java:188)
	at org.springframework.boot.web.servlet.context.ServletWebServerApplicationContext.onRefresh(ServletWebServerApplicationContext.java:162)
	at org.springframework.context.support.AbstractApplicationContext.refresh(AbstractApplicationContext.java:619)
	at org.springframework.boot.web.servlet.context.ServletWebServerApplicationContext.refresh(ServletWebServerApplicationContext.java:146)
	at org.springframework.boot.SpringApplication.refresh(SpringApplication.java:754)
	at org.springframework.boot.SpringApplication.refreshContext(SpringApplication.java:456)
	at org.springframework.boot.SpringApplication.run(SpringApplication.java:335)
	at org.springframework.boot.SpringApplication.run(SpringApplication.java:1363)
	at org.springframework.boot.SpringApplication.run(SpringApplication.java:1352)
	at com.ticket_online.TicketOnlineApplication.main(TicketOnlineApplication.java:12)
	at java.base/jdk.internal.reflect.NativeMethodAccessorImpl.invoke0(Native Method)
	at java.base/jdk.internal.reflect.NativeMethodAccessorImpl.invoke(NativeMethodAccessorImpl.java:77)
	at java.base/jdk.internal.reflect.DelegatingMethodAccessorImpl.invoke(DelegatingMethodAccessorImpl.java:43)
	at java.base/java.lang.reflect.Method.invoke(Method.java:569)
	at org.springframework.boot.devtools.restart.RestartLauncher.run(RestartLauncher.java:50)
2026-07-30 12:51:19.051 [restartedMain] DEBUG o.apache.catalina.core.ContainerBase - Add container child [StandardHost[localhost]] to container [StandardEngine[Tomcat]]
2026-07-30 12:51:19.078 [restartedMain] DEBUG o.apache.catalina.core.ContainerBase - Add container child [TomcatEmbeddedContext[]] to container [StandardEngine[Tomcat].StandardHost[localhost]]
2026-07-30 12:51:19.136 [restartedMain] DEBUG jdk.event.security - X509Certificate: Alg:SHA1withRSA, Serial:0c:e7:e0:e5:17:d8:46:fe:8f:e5:60:fc:1b:f0:30:39, Subject:CN=DigiCert Assured ID Root CA, OU=www.digicert.com, O=DigiCert Inc, C=US, Issuer:CN=DigiCert Assured ID Root CA, OU=www.digicert.com, O=DigiCert Inc, C=US, Key type:RSA, Length:2048, Cert Id:-860404528, Valid from:11/10/06, 7:00 AM, Valid until:11/10/31, 7:00 AM
2026-07-30 12:51:19.142 [restartedMain] DEBUG jdk.event.security - X509Certificate: Alg:SHA256withRSA, Serial:04:09:18:1b:5f:d5:bb:66:75:53:43:b5:6f:95:50:08, Subject:CN=DigiCert SHA2 Assured ID Code Signing CA, OU=www.digicert.com, O=DigiCert Inc, C=US, Issuer:CN=DigiCert Assured ID Root CA, OU=www.digicert.com, O=DigiCert Inc, C=US, Key type:RSA, Length:2048, Cert Id:-888240198, Valid from:10/22/13, 7:00 PM, Valid until:10/22/28, 7:00 PM
2026-07-30 12:51:19.144 [restartedMain] DEBUG jdk.event.security - X509Certificate: Alg:SHA256withRSA, Serial:03:4a:44:75:70:d9:70:98:24:09:eb:b3:da:98:b6:9d, Subject:EMAILADDRESS=webmaster@eclipse.org, CN="Eclipse.org Foundation, Inc.", OU=IT, O="Eclipse.org Foundation, Inc.", L=Ottawa, ST=Ontario, C=CA, Issuer:CN=DigiCert SHA2 Assured ID Code Signing CA, OU=www.digicert.com, O=DigiCert Inc, C=US, Key type:RSA, Length:2048, Cert Id:1542280108, Valid from:3/16/21, 7:00 AM, Valid until:5/19/22, 6:59 AM
2026-07-30 12:51:19.150 [restartedMain] DEBUG jdk.event.security - X509Certificate: Alg:SHA256withRSA, Serial:7b:05:b1:d4:49:68:51:44:f7:c9:89:d2:9c:19:9d:12, Subject:CN=Symantec SHA256 TimeStamping CA, OU=Symantec Trust Network, O=Symantec Corporation, C=US, Issuer:CN=VeriSign Universal Root Certification Authority, OU="(c) 2008 VeriSign, Inc. - For authorized use only", OU=VeriSign Trust Network, O="VeriSign, Inc.", C=US, Key type:RSA, Length:2048, Cert Id:679469769, Valid from:1/12/16, 7:00 AM, Valid until:1/12/31, 6:59 AM
2026-07-30 12:51:19.152 [restartedMain] DEBUG jdk.event.security - X509Certificate: Alg:SHA256withRSA, Serial:7b:d4:e5:af:ba:cc:07:3f:a1:01:23:04:22:41:4d:12, Subject:CN=Symantec SHA256 TimeStamping Signer - G3, OU=Symantec Trust Network, O=Symantec Corporation, C=US, Issuer:CN=Symantec SHA256 TimeStamping CA, OU=Symantec Trust Network, O=Symantec Corporation, C=US, Key type:RSA, Length:2048, Cert Id:-1917605033, Valid from:12/23/17, 7:00 AM, Valid until:3/23/29, 6:59 AM
2026-07-30 12:51:19.202 [restartedMain] INFO  o.s.b.w.e.tomcat.TomcatWebServer - Tomcat initialized with port 8081 (http)
2026-07-30 12:51:19.206 [restartedMain] DEBUG o.apache.catalina.util.LifecycleBase - Setting state for [StandardServer[-1]] to [INITIALIZING]
2026-07-30 12:51:19.211 [restartedMain] DEBUG o.apache.catalina.util.LifecycleBase - Setting state for [org.apache.catalina.deploy.NamingResourcesImpl@5879da0c] to [INITIALIZING]
2026-07-30 12:51:19.212 [restartedMain] DEBUG o.apache.catalina.util.LifecycleBase - Setting state for [org.apache.catalina.deploy.NamingResourcesImpl@5879da0c] to [INITIALIZED]
2026-07-30 12:51:19.212 [restartedMain] DEBUG o.apache.catalina.util.LifecycleBase - Setting state for [StandardService[Tomcat]] to [INITIALIZING]
2026-07-30 12:51:19.212 [restartedMain] DEBUG o.apache.catalina.util.LifecycleBase - Setting state for [StandardEngine[Tomcat]] to [INITIALIZING]
2026-07-30 12:51:19.213 [restartedMain] DEBUG o.apache.catalina.util.LifecycleBase - Setting state for [StandardEngine[Tomcat]] to [INITIALIZED]
2026-07-30 12:51:19.213 [restartedMain] DEBUG o.apache.catalina.util.LifecycleBase - Setting state for [org.apache.catalina.mapper.MapperListener@5936e8fe] to [INITIALIZING]
2026-07-30 12:51:19.214 [restartedMain] DEBUG o.apache.catalina.util.LifecycleBase - Setting state for [org.apache.catalina.mapper.MapperListener@5936e8fe] to [INITIALIZED]
2026-07-30 12:51:19.214 [restartedMain] DEBUG o.apache.catalina.util.LifecycleBase - Setting state for [Connector["http-nio-8081"]] to [INITIALIZING]
2026-07-30 12:51:19.220 [restartedMain] INFO  o.a.coyote.http11.Http11NioProtocol - Initializing ProtocolHandler ["http-nio-8081"]
2026-07-30 12:51:19.221 [restartedMain] DEBUG o.apache.catalina.util.LifecycleBase - Setting state for [Connector["http-nio-8081"]] to [INITIALIZED]
2026-07-30 12:51:19.222 [restartedMain] DEBUG o.apache.catalina.util.LifecycleBase - Setting state for [StandardService[Tomcat]] to [INITIALIZED]
2026-07-30 12:51:19.222 [restartedMain] DEBUG o.apache.catalina.util.LifecycleBase - Setting state for [StandardServer[-1]] to [INITIALIZED]
2026-07-30 12:51:19.222 [restartedMain] DEBUG o.apache.catalina.util.LifecycleBase - Setting state for [StandardServer[-1]] to [STARTING_PREP]
2026-07-30 12:51:19.223 [restartedMain] DEBUG o.apache.catalina.util.LifecycleBase - Setting state for [StandardServer[-1]] to [STARTING]
2026-07-30 12:51:19.224 [restartedMain] DEBUG o.apache.catalina.util.LifecycleBase - Setting state for [org.apache.catalina.deploy.NamingResourcesImpl@5879da0c] to [STARTING_PREP]
2026-07-30 12:51:19.225 [restartedMain] DEBUG o.apache.catalina.util.LifecycleBase - Setting state for [org.apache.catalina.deploy.NamingResourcesImpl@5879da0c] to [STARTING]
2026-07-30 12:51:19.225 [restartedMain] DEBUG o.apache.catalina.util.LifecycleBase - Setting state for [org.apache.catalina.deploy.NamingResourcesImpl@5879da0c] to [STARTED]
2026-07-30 12:51:19.225 [restartedMain] DEBUG o.apache.catalina.util.LifecycleBase - Setting state for [StandardService[Tomcat]] to [STARTING_PREP]
2026-07-30 12:51:19.225 [restartedMain] INFO  o.a.catalina.core.StandardService - Starting service [Tomcat]
2026-07-30 12:51:19.226 [restartedMain] DEBUG o.apache.catalina.util.LifecycleBase - Setting state for [StandardService[Tomcat]] to [STARTING]
2026-07-30 12:51:19.226 [restartedMain] DEBUG o.apache.catalina.util.LifecycleBase - Setting state for [StandardEngine[Tomcat]] to [STARTING_PREP]
2026-07-30 12:51:19.226 [restartedMain] INFO  o.a.catalina.core.StandardEngine - Starting Servlet engine: [Apache Tomcat/10.1.34]
2026-07-30 12:51:19.228 [restartedMain] DEBUG o.apache.catalina.util.LifecycleBase - Setting state for [SimpleRealm[StandardEngine[Tomcat]]] to [INITIALIZING]
2026-07-30 12:51:19.228 [restartedMain] DEBUG o.apache.catalina.util.LifecycleBase - Setting state for [SimpleRealm[StandardEngine[Tomcat]]] to [INITIALIZED]
2026-07-30 12:51:19.229 [restartedMain] DEBUG o.apache.catalina.util.LifecycleBase - Setting state for [SimpleRealm[StandardEngine[Tomcat]]] to [STARTING_PREP]
2026-07-30 12:51:19.229 [restartedMain] DEBUG o.apache.catalina.util.LifecycleBase - Setting state for [SimpleRealm[StandardEngine[Tomcat]]] to [STARTING]
2026-07-30 12:51:19.230 [restartedMain] DEBUG o.apache.catalina.util.LifecycleBase - Setting state for [SimpleRealm[StandardEngine[Tomcat]]] to [STARTED]
2026-07-30 12:51:19.230 [restartedMain] DEBUG o.apache.catalina.util.LifecycleBase - Setting state for [StandardEngine[Tomcat].StandardHost[localhost]] to [INITIALIZING]
2026-07-30 12:51:19.235 [restartedMain] DEBUG o.apache.catalina.util.LifecycleBase - Setting state for [StandardEngine[Tomcat].StandardHost[localhost]] to [INITIALIZED]
2026-07-30 12:51:19.236 [restartedMain] DEBUG o.apache.catalina.util.LifecycleBase - Setting state for [StandardEngine[Tomcat].StandardHost[localhost]] to [STARTING_PREP]
2026-07-30 12:51:19.238 [restartedMain] DEBUG o.apache.catalina.util.LifecycleBase - Setting state for [StandardEngine[Tomcat].StandardHost[localhost].TomcatEmbeddedContext[]] to [INITIALIZING]
2026-07-30 12:51:19.238 [restartedMain] DEBUG o.apache.catalina.util.LifecycleBase - Setting state for [StandardEngine[Tomcat].StandardHost[localhost].TomcatEmbeddedContext[]] to [INITIALIZED]
2026-07-30 12:51:19.239 [restartedMain] DEBUG o.apache.catalina.util.LifecycleBase - Setting state for [StandardEngine[Tomcat].StandardHost[localhost].TomcatEmbeddedContext[]] to [STARTING_PREP]
2026-07-30 12:51:19.274 [restartedMain] DEBUG o.apache.catalina.util.LifecycleBase - Setting state for [org.apache.catalina.webresources.StandardRoot@1a074bad] to [INITIALIZING]
2026-07-30 12:51:19.277 [restartedMain] DEBUG o.apache.catalina.util.LifecycleBase - Setting state for [org.apache.catalina.webresources.StandardRoot@1a074bad] to [INITIALIZED]
2026-07-30 12:51:19.277 [restartedMain] DEBUG o.apache.catalina.util.LifecycleBase - Setting state for [org.apache.catalina.webresources.StandardRoot@1a074bad] to [STARTING_PREP]
2026-07-30 12:51:19.280 [restartedMain] DEBUG o.apache.catalina.util.LifecycleBase - Setting state for [org.apache.catalina.webresources.DirResourceSet@232c4c62] to [INITIALIZING]
2026-07-30 12:51:19.281 [restartedMain] DEBUG o.apache.catalina.util.LifecycleBase - Setting state for [org.apache.catalina.webresources.DirResourceSet@232c4c62] to [INITIALIZED]
2026-07-30 12:51:19.281 [restartedMain] DEBUG o.apache.catalina.util.LifecycleBase - Setting state for [org.apache.catalina.webresources.DirResourceSet@232c4c62] to [STARTING_PREP]
2026-07-30 12:51:19.281 [restartedMain] DEBUG o.apache.catalina.util.LifecycleBase - Setting state for [org.apache.catalina.webresources.DirResourceSet@232c4c62] to [STARTING]
2026-07-30 12:51:19.282 [restartedMain] DEBUG o.apache.catalina.util.LifecycleBase - Setting state for [org.apache.catalina.webresources.DirResourceSet@232c4c62] to [STARTED]
2026-07-30 12:51:19.282 [restartedMain] DEBUG o.apache.catalina.util.LifecycleBase - Setting state for [org.apache.catalina.webresources.StandardRoot@1a074bad] to [STARTING]
2026-07-30 12:51:19.282 [restartedMain] DEBUG o.apache.catalina.util.LifecycleBase - Setting state for [org.apache.catalina.webresources.StandardRoot@1a074bad] to [STARTED]
2026-07-30 12:51:19.283 [restartedMain] DEBUG o.apache.catalina.util.LifecycleBase - Setting state for [WebappLoader[StandardEngine[Tomcat].StandardHost[localhost].TomcatEmbeddedContext[]]] to [INITIALIZING]
2026-07-30 12:51:19.283 [restartedMain] DEBUG o.apache.catalina.util.LifecycleBase - Setting state for [WebappLoader[StandardEngine[Tomcat].StandardHost[localhost].TomcatEmbeddedContext[]]] to [INITIALIZED]
2026-07-30 12:51:19.283 [restartedMain] DEBUG o.apache.catalina.util.LifecycleBase - Setting state for [WebappLoader[StandardEngine[Tomcat].StandardHost[localhost].TomcatEmbeddedContext[]]] to [STARTING_PREP]
2026-07-30 12:51:19.284 [restartedMain] DEBUG o.a.catalina.loader.WebappLoader - Starting this Loader
2026-07-30 12:51:19.289 [restartedMain] DEBUG o.apache.catalina.webresources.Cache - Increased cache size by [532] for item [org.apache.catalina.webresources.CachedResource@7fec8a77] at [/WEB-INF/classes] making total cache size [532]
2026-07-30 12:51:19.293 [restartedMain] DEBUG o.apache.catalina.util.LifecycleBase - Setting state for [WebappLoader[StandardEngine[Tomcat].StandardHost[localhost].TomcatEmbeddedContext[]]] to [STARTING]
2026-07-30 12:51:19.293 [restartedMain] DEBUG o.apache.catalina.util.LifecycleBase - Setting state for [WebappLoader[StandardEngine[Tomcat].StandardHost[localhost].TomcatEmbeddedContext[]]] to [STARTED]
2026-07-30 12:51:19.322 [restartedMain] DEBUG o.apache.catalina.util.LifecycleBase - Setting state for [org.apache.catalina.webresources.JarResourceSet@a826e69] to [INITIALIZING]
2026-07-30 12:51:19.324 [restartedMain] DEBUG o.apache.catalina.util.LifecycleBase - Setting state for [org.apache.catalina.webresources.JarResourceSet@a826e69] to [INITIALIZED]
2026-07-30 12:51:19.324 [restartedMain] DEBUG o.apache.catalina.util.LifecycleBase - Setting state for [org.apache.catalina.webresources.JarResourceSet@a826e69] to [STARTING_PREP]
2026-07-30 12:51:19.325 [restartedMain] DEBUG o.apache.catalina.util.LifecycleBase - Setting state for [org.apache.catalina.webresources.JarResourceSet@a826e69] to [STARTING]
2026-07-30 12:51:19.325 [restartedMain] DEBUG o.apache.catalina.util.LifecycleBase - Setting state for [org.apache.catalina.webresources.JarResourceSet@a826e69] to [STARTED]
2026-07-30 12:51:19.326 [restartedMain] DEBUG o.apache.catalina.util.LifecycleBase - Setting state for [StandardPipeline[StandardEngine[Tomcat].StandardHost[localhost].TomcatEmbeddedContext[]]] to [INITIALIZING]
2026-07-30 12:51:19.326 [restartedMain] DEBUG o.apache.catalina.util.LifecycleBase - Setting state for [StandardPipeline[StandardEngine[Tomcat].StandardHost[localhost].TomcatEmbeddedContext[]]] to [INITIALIZED]
2026-07-30 12:51:19.327 [restartedMain] DEBUG o.apache.catalina.util.LifecycleBase - Setting state for [StandardPipeline[StandardEngine[Tomcat].StandardHost[localhost].TomcatEmbeddedContext[]]] to [STARTING_PREP]
2026-07-30 12:51:19.327 [restartedMain] DEBUG o.apache.catalina.util.LifecycleBase - Setting state for [NonLoginAuthenticator[StandardEngine[Tomcat].StandardHost[localhost].TomcatEmbeddedContext[]]] to [INITIALIZING]
2026-07-30 12:51:19.327 [restartedMain] DEBUG o.apache.catalina.util.LifecycleBase - Setting state for [NonLoginAuthenticator[StandardEngine[Tomcat].StandardHost[localhost].TomcatEmbeddedContext[]]] to [INITIALIZED]
2026-07-30 12:51:19.328 [restartedMain] DEBUG o.apache.catalina.util.LifecycleBase - Setting state for [NonLoginAuthenticator[StandardEngine[Tomcat].StandardHost[localhost].TomcatEmbeddedContext[]]] to [STARTING_PREP]
2026-07-30 12:51:19.329 [restartedMain] DEBUG o.apache.catalina.util.LifecycleBase - Setting state for [NonLoginAuthenticator[StandardEngine[Tomcat].StandardHost[localhost].TomcatEmbeddedContext[]]] to [STARTING]
2026-07-30 12:51:19.330 [restartedMain] DEBUG o.apache.catalina.util.LifecycleBase - Setting state for [NonLoginAuthenticator[StandardEngine[Tomcat].StandardHost[localhost].TomcatEmbeddedContext[]]] to [STARTED]
2026-07-30 12:51:19.335 [restartedMain] DEBUG o.apache.catalina.util.LifecycleBase - Setting state for [StandardContextValve[StandardEngine[Tomcat].StandardHost[localhost].TomcatEmbeddedContext[]]] to [INITIALIZING]
2026-07-30 12:51:19.336 [restartedMain] DEBUG o.apache.catalina.util.LifecycleBase - Setting state for [StandardContextValve[StandardEngine[Tomcat].StandardHost[localhost].TomcatEmbeddedContext[]]] to [INITIALIZED]
2026-07-30 12:51:19.336 [restartedMain] DEBUG o.apache.catalina.util.LifecycleBase - Setting state for [StandardContextValve[StandardEngine[Tomcat].StandardHost[localhost].TomcatEmbeddedContext[]]] to [STARTING_PREP]
2026-07-30 12:51:19.336 [restartedMain] DEBUG o.apache.catalina.util.LifecycleBase - Setting state for [StandardContextValve[StandardEngine[Tomcat].StandardHost[localhost].TomcatEmbeddedContext[]]] to [STARTING]
2026-07-30 12:51:19.337 [restartedMain] DEBUG o.apache.catalina.util.LifecycleBase - Setting state for [StandardContextValve[StandardEngine[Tomcat].StandardHost[localhost].TomcatEmbeddedContext[]]] to [STARTED]
2026-07-30 12:51:19.337 [restartedMain] DEBUG o.apache.catalina.util.LifecycleBase - Setting state for [StandardPipeline[StandardEngine[Tomcat].StandardHost[localhost].TomcatEmbeddedContext[]]] to [STARTING]
2026-07-30 12:51:19.338 [restartedMain] DEBUG o.apache.catalina.util.LifecycleBase - Setting state for [StandardPipeline[StandardEngine[Tomcat].StandardHost[localhost].TomcatEmbeddedContext[]]] to [STARTED]
2026-07-30 12:51:19.338 [restartedMain] DEBUG o.apache.catalina.util.LifecycleBase - Setting state for [org.apache.catalina.deploy.NamingResourcesImpl@3d456b58] to [INITIALIZING]
2026-07-30 12:51:19.339 [restartedMain] DEBUG o.apache.catalina.util.LifecycleBase - Setting state for [org.apache.catalina.deploy.NamingResourcesImpl@3d456b58] to [INITIALIZED]
2026-07-30 12:51:19.339 [restartedMain] DEBUG o.apache.catalina.util.LifecycleBase - Setting state for [org.apache.catalina.deploy.NamingResourcesImpl@3d456b58] to [STARTING_PREP]
2026-07-30 12:51:19.339 [restartedMain] DEBUG o.apache.catalina.util.LifecycleBase - Setting state for [org.apache.catalina.deploy.NamingResourcesImpl@3d456b58] to [STARTING]
2026-07-30 12:51:19.340 [restartedMain] DEBUG o.apache.catalina.util.LifecycleBase - Setting state for [org.apache.catalina.deploy.NamingResourcesImpl@3d456b58] to [STARTED]
2026-07-30 12:51:19.351 [restartedMain] INFO  o.a.c.c.C.[Tomcat].[localhost].[/] - Initializing Spring embedded WebApplicationContext
2026-07-30 12:51:19.351 [restartedMain] INFO  o.s.b.w.s.c.ServletWebServerApplicationContext - Root WebApplicationContext: initialization completed in 3696 ms
2026-07-30 12:51:19.416 [restartedMain] DEBUG i.m.c.u.i.l.InternalLoggerFactory - Using SLF4J as the default logging framework
2026-07-30 12:51:19.429 [restartedMain] DEBUG o.apache.catalina.webresources.Cache - Increased cache size by [575] for item [org.apache.catalina.webresources.CachedResource@41b051f0] at [/WEB-INF/classes/prometheus.properties] making total cache size [1107]
2026-07-30 12:51:19.750 [restartedMain] DEBUG i.n.u.i.l.InternalLoggerFactory - Using SLF4J as the default logging framework
2026-07-30 12:51:19.760 [restartedMain] DEBUG i.l.c.r.AddressResolverGroupProvider - Starting without optional netty's non-blocking DNS resolver library
2026-07-30 12:51:19.761 [restartedMain] DEBUG i.l.c.r.DefaultClientResources - -Dio.netty.eventLoopThreads: 6
2026-07-30 12:51:19.769 [restartedMain] DEBUG i.l.c.r.DefaultEventLoopGroupProvider - Creating executor io.netty.util.concurrent.DefaultEventExecutorGroup
2026-07-30 12:51:19.789 [restartedMain] DEBUG i.n.u.concurrent.GlobalEventExecutor - -Dio.netty.globalEventExecutor.quietPeriodSeconds: 1
2026-07-30 12:51:19.797 [restartedMain] DEBUG i.n.u.i.InternalThreadLocalMap - -Dio.netty.threadLocalMap.stringBuilder.initialSize: 1024
2026-07-30 12:51:19.797 [restartedMain] DEBUG i.n.u.i.InternalThreadLocalMap - -Dio.netty.threadLocalMap.stringBuilder.maxSize: 4096
2026-07-30 12:51:19.804 [restartedMain] DEBUG io.netty.util.ResourceLeakDetector - -Dio.netty.leakDetection.level: simple
2026-07-30 12:51:19.805 [restartedMain] DEBUG io.netty.util.ResourceLeakDetector - -Dio.netty.leakDetection.targetRecords: 4
2026-07-30 12:51:19.808 [restartedMain] DEBUG i.n.util.ResourceLeakDetectorFactory - Loaded default ResourceLeakDetector: io.netty.util.ResourceLeakDetector@15ee64be
2026-07-30 12:51:19.844 [restartedMain] DEBUG i.n.util.internal.PlatformDependent0 - -Dio.netty.noUnsafe: false
2026-07-30 12:51:19.845 [restartedMain] DEBUG i.n.util.internal.PlatformDependent0 - Java version: 17
2026-07-30 12:51:19.847 [restartedMain] DEBUG i.n.util.internal.PlatformDependent0 - sun.misc.Unsafe.theUnsafe: available
2026-07-30 12:51:19.848 [restartedMain] DEBUG i.n.util.internal.PlatformDependent0 - sun.misc.Unsafe base methods: all available
2026-07-30 12:51:19.849 [restartedMain] DEBUG i.n.util.internal.PlatformDependent0 - sun.misc.Unsafe.storeFence: available
2026-07-30 12:51:19.850 [restartedMain] DEBUG i.n.util.internal.PlatformDependent0 - java.nio.Buffer.address: available
2026-07-30 12:51:19.851 [restartedMain] DEBUG i.n.util.internal.PlatformDependent0 - direct buffer constructor: unavailable: Reflective setAccessible(true) disabled
2026-07-30 12:51:19.851 [restartedMain] DEBUG i.n.util.internal.PlatformDependent0 - java.nio.Bits.unaligned: available, true
2026-07-30 12:51:19.853 [restartedMain] DEBUG i.n.util.internal.PlatformDependent0 - jdk.internal.misc.Unsafe.allocateUninitializedArray(int): unavailable: class io.netty.util.internal.PlatformDependent0$7 cannot access class jdk.internal.misc.Unsafe (in module java.base) because module java.base does not export jdk.internal.misc to unnamed module @776ec8df
2026-07-30 12:51:19.855 [restartedMain] DEBUG i.n.util.internal.PlatformDependent0 - java.nio.DirectByteBuffer.<init>(long, {int,long}): unavailable
2026-07-30 12:51:19.855 [restartedMain] DEBUG i.n.util.internal.PlatformDependent - sun.misc.Unsafe: available
2026-07-30 12:51:19.855 [restartedMain] DEBUG i.n.util.internal.PlatformDependent - -Dio.netty.tmpdir: /tmp (java.io.tmpdir)
2026-07-30 12:51:19.856 [restartedMain] DEBUG i.n.util.internal.PlatformDependent - -Dio.netty.bitMode: 64 (sun.arch.data.model)
2026-07-30 12:51:19.857 [restartedMain] DEBUG i.n.util.internal.PlatformDependent - -Dio.netty.maxDirectMemory: -1 bytes
2026-07-30 12:51:19.857 [restartedMain] DEBUG i.n.util.internal.PlatformDependent - -Dio.netty.uninitializedArrayAllocationThreshold: -1
2026-07-30 12:51:19.858 [restartedMain] DEBUG io.netty.util.internal.CleanerJava9 - java.nio.ByteBuffer.cleaner(): available
2026-07-30 12:51:19.859 [restartedMain] DEBUG i.n.util.internal.PlatformDependent - -Dio.netty.noPreferDirect: false
2026-07-30 12:51:19.870 [restartedMain] DEBUG i.n.util.internal.PlatformDependent - org.jctools-core.MpscChunkedArrayQueue: available
2026-07-30 12:51:19.882 [restartedMain] DEBUG reactor.util.Loggers - Using Slf4j logging framework
2026-07-30 12:51:19.887 [restartedMain] DEBUG i.l.c.event.jfr.EventRecorderHolder - Starting with JFR support
2026-07-30 12:51:20.146 [restartedMain] DEBUG io.lettuce.core.RedisClient - Trying to get a Redis connection for: redis://localhost?timeout=1s
2026-07-30 12:51:20.356 [restartedMain] DEBUG i.n.buffer.PooledByteBufAllocator - -Dio.netty.allocator.numHeapArenas: 12
2026-07-30 12:51:20.356 [restartedMain] DEBUG i.n.buffer.PooledByteBufAllocator - -Dio.netty.allocator.numDirectArenas: 12
2026-07-30 12:51:20.356 [restartedMain] DEBUG i.n.buffer.PooledByteBufAllocator - -Dio.netty.allocator.pageSize: 8192
2026-07-30 12:51:20.357 [restartedMain] DEBUG i.n.buffer.PooledByteBufAllocator - -Dio.netty.allocator.maxOrder: 9
2026-07-30 12:51:20.357 [restartedMain] DEBUG i.n.buffer.PooledByteBufAllocator - -Dio.netty.allocator.chunkSize: 4194304
2026-07-30 12:51:20.357 [restartedMain] DEBUG i.n.buffer.PooledByteBufAllocator - -Dio.netty.allocator.smallCacheSize: 256
2026-07-30 12:51:20.357 [restartedMain] DEBUG i.n.buffer.PooledByteBufAllocator - -Dio.netty.allocator.normalCacheSize: 64
2026-07-30 12:51:20.357 [restartedMain] DEBUG i.n.buffer.PooledByteBufAllocator - -Dio.netty.allocator.maxCachedBufferCapacity: 32768
2026-07-30 12:51:20.358 [restartedMain] DEBUG i.n.buffer.PooledByteBufAllocator - -Dio.netty.allocator.cacheTrimInterval: 8192
2026-07-30 12:51:20.358 [restartedMain] DEBUG i.n.buffer.PooledByteBufAllocator - -Dio.netty.allocator.cacheTrimIntervalMillis: 0
2026-07-30 12:51:20.358 [restartedMain] DEBUG i.n.buffer.PooledByteBufAllocator - -Dio.netty.allocator.useCacheForAllThreads: false
2026-07-30 12:51:20.358 [restartedMain] DEBUG i.n.buffer.PooledByteBufAllocator - -Dio.netty.allocator.maxCachedByteBuffersPerChunk: 1023
2026-07-30 12:51:20.359 [restartedMain] DEBUG i.n.buffer.PooledByteBufAllocator - -Dio.netty.allocator.disableCacheFinalizersForFastThreadLocalThreads: false
2026-07-30 12:51:20.372 [restartedMain] DEBUG io.netty.buffer.ByteBufUtil - -Dio.netty.allocator.type: pooled
2026-07-30 12:51:20.372 [restartedMain] DEBUG io.netty.buffer.ByteBufUtil - -Dio.netty.threadLocalDirectBufferSize: 0
2026-07-30 12:51:20.372 [restartedMain] DEBUG io.netty.buffer.ByteBufUtil - -Dio.netty.maxThreadLocalCharBufferSize: 16384
2026-07-30 12:51:20.375 [restartedMain] DEBUG i.l.core.resource.KqueueProvider - Starting without optional kqueue library
2026-07-30 12:51:20.378 [restartedMain] DEBUG i.l.core.resource.IOUringProvider - Starting without optional io_uring library
2026-07-30 12:51:20.379 [restartedMain] DEBUG i.l.core.resource.EpollProvider - Starting without optional epoll library
2026-07-30 12:51:20.385 [restartedMain] DEBUG i.l.c.r.DefaultEventLoopGroupProvider - Allocating executor io.netty.channel.nio.NioEventLoopGroup
2026-07-30 12:51:20.386 [restartedMain] DEBUG i.l.c.r.DefaultEventLoopGroupProvider - Creating executor io.netty.channel.nio.NioEventLoopGroup
2026-07-30 12:51:20.387 [restartedMain] DEBUG i.n.c.MultithreadEventLoopGroup - -Dio.netty.eventLoopThreads: 12
2026-07-30 12:51:20.393 [restartedMain] DEBUG io.netty.channel.nio.NioEventLoop - -Dio.netty.noKeySetOptimization: false
2026-07-30 12:51:20.394 [restartedMain] DEBUG io.netty.channel.nio.NioEventLoop - -Dio.netty.selectorAutoRebuildThreshold: 512
2026-07-30 12:51:20.400 [restartedMain] DEBUG i.l.c.r.DefaultEventLoopGroupProvider - Adding reference to io.netty.channel.nio.NioEventLoopGroup@53b2c8d3, existing ref count 0
2026-07-30 12:51:20.506 [restartedMain] DEBUG io.lettuce.core.RedisClient - Resolved SocketAddress localhost/<unresolved>:6379 using redis://localhost?timeout=1s
2026-07-30 12:51:20.507 [restartedMain] DEBUG io.lettuce.core.AbstractRedisClient - Connecting to Redis at localhost/<unresolved>:6379
2026-07-30 12:51:20.523 [restartedMain] DEBUG io.netty.channel.DefaultChannelId - -Dio.netty.processId: 15579 (auto-detected)
2026-07-30 12:51:20.525 [restartedMain] DEBUG io.netty.util.NetUtil - -Djava.net.preferIPv4Stack: false
2026-07-30 12:51:20.526 [restartedMain] DEBUG io.netty.util.NetUtil - -Djava.net.preferIPv6Addresses: false
2026-07-30 12:51:20.528 [restartedMain] DEBUG i.netty.util.NetUtilInitializations - Loopback interface: lo (lo, 0:0:0:0:0:0:0:1%lo)
2026-07-30 12:51:20.530 [restartedMain] DEBUG io.netty.util.NetUtil - /proc/sys/net/core/somaxconn: 4096
2026-07-30 12:51:20.531 [restartedMain] DEBUG io.netty.channel.DefaultChannelId - -Dio.netty.machineId: 00:0c:29:ff:fe:60:28:26 (auto-detected)
2026-07-30 12:51:20.561 [restartedMain] DEBUG i.n.b.ChannelInitializerExtensions - -Dio.netty.bootstrap.extensions: null
2026-07-30 12:51:20.600 [lettuce-nioEventLoop-4-1] DEBUG i.l.core.protocol.CommandHandler - [channel=0xfaa4a81d, [id: 0xe95a62a8] (inactive), epid=0x1, chid=0x1] channelRegistered()
2026-07-30 12:51:20.605 [lettuce-nioEventLoop-4-1] DEBUG io.netty.util.Recycler - -Dio.netty.recycler.maxCapacityPerThread: 4096
2026-07-30 12:51:20.606 [lettuce-nioEventLoop-4-1] DEBUG io.netty.util.Recycler - -Dio.netty.recycler.ratio: 8
2026-07-30 12:51:20.606 [lettuce-nioEventLoop-4-1] DEBUG io.netty.util.Recycler - -Dio.netty.recycler.chunkSize: 32
2026-07-30 12:51:20.606 [lettuce-nioEventLoop-4-1] DEBUG io.netty.util.Recycler - -Dio.netty.recycler.blocking: false
2026-07-30 12:51:20.606 [lettuce-nioEventLoop-4-1] DEBUG io.netty.util.Recycler - -Dio.netty.recycler.batchFastThreadLocalOnly: true
2026-07-30 12:51:20.618 [lettuce-nioEventLoop-4-1] DEBUG io.netty.buffer.AbstractByteBuf - -Dio.netty.buffer.checkAccessible: true
2026-07-30 12:51:20.618 [lettuce-nioEventLoop-4-1] DEBUG io.netty.buffer.AbstractByteBuf - -Dio.netty.buffer.checkBounds: true
2026-07-30 12:51:20.618 [lettuce-nioEventLoop-4-1] DEBUG i.n.util.ResourceLeakDetectorFactory - Loaded default ResourceLeakDetector: io.netty.util.ResourceLeakDetector@4f6ca0f3
2026-07-30 12:51:20.655 [lettuce-nioEventLoop-4-1] DEBUG i.l.core.protocol.CommandHandler - [channel=0xfaa4a81d, /127.0.0.1:60508 -> localhost/127.0.0.1:6379, epid=0x1, chid=0x1] write(ctx, AsyncCommand [type=HELLO, output=GenericMapOutput [output=null, error='null'], commandType=io.lettuce.core.protocol.Command], promise)
2026-07-30 12:51:20.660 [lettuce-nioEventLoop-4-1] DEBUG i.l.core.protocol.CommandEncoder - [channel=0xfaa4a81d, /127.0.0.1:60508 -> localhost/127.0.0.1:6379] writing command AsyncCommand [type=HELLO, output=GenericMapOutput [output=null, error='null'], commandType=io.lettuce.core.protocol.Command]
2026-07-30 12:51:20.668 [lettuce-nioEventLoop-4-1] DEBUG i.l.core.protocol.CommandHandler - [channel=0xfaa4a81d, /127.0.0.1:60508 -> localhost/127.0.0.1:6379, epid=0x1, chid=0x1] Received: 687 bytes, 1 commands in the stack
2026-07-30 12:51:20.668 [lettuce-nioEventLoop-4-1] DEBUG i.l.core.protocol.CommandHandler - [channel=0xfaa4a81d, /127.0.0.1:60508 -> localhost/127.0.0.1:6379, epid=0x1, chid=0x1] Stack contains: 1 commands
2026-07-30 12:51:20.680 [lettuce-nioEventLoop-4-1] DEBUG i.l.core.protocol.RedisStateMachine - Decode done, empty stack: true
2026-07-30 12:51:20.694 [lettuce-nioEventLoop-4-1] DEBUG i.l.core.protocol.CommandHandler - [channel=0xfaa4a81d, /127.0.0.1:60508 -> localhost/127.0.0.1:6379, epid=0x1, chid=0x1] Completing command LatencyMeteredCommand [type=HELLO, output=GenericMapOutput [output={server=redis, version=8.8.0, proto=3, id=21, mode=standalone, role=master, modules=name, bf=ver, 80800=path, /usr/local/lib/redis/modules//redisbloom.so=args, name=vectorset, ver=1, path=, args=name, search=ver, /usr/local/lib/redis/modules//redisearch.so=args, ReJSON=ver, /usr/local/lib/redis/modules//rejson.so=args}, error='null'], commandType=io.lettuce.core.protocol.AsyncCommand]
2026-07-30 12:51:20.698 [lettuce-nioEventLoop-4-1] DEBUG i.l.core.protocol.CommandHandler - [channel=0xfaa4a81d, /127.0.0.1:60508 -> localhost/127.0.0.1:6379, epid=0x1, chid=0x1] write(ctx, [AsyncCommand [type=CLIENT, output=StatusOutput [output=null, error='null'], commandType=io.lettuce.core.protocol.Command], AsyncCommand [type=CLIENT, output=StatusOutput [output=null, error='null'], commandType=io.lettuce.core.protocol.Command]], promise)
2026-07-30 12:51:20.698 [lettuce-nioEventLoop-4-1] DEBUG i.l.core.protocol.CommandEncoder - [channel=0xfaa4a81d, /127.0.0.1:60508 -> localhost/127.0.0.1:6379] writing command AsyncCommand [type=CLIENT, output=StatusOutput [output=null, error='null'], commandType=io.lettuce.core.protocol.Command]
2026-07-30 12:51:20.699 [lettuce-nioEventLoop-4-1] DEBUG i.l.core.protocol.CommandEncoder - [channel=0xfaa4a81d, /127.0.0.1:60508 -> localhost/127.0.0.1:6379] writing command AsyncCommand [type=CLIENT, output=StatusOutput [output=null, error='null'], commandType=io.lettuce.core.protocol.Command]
2026-07-30 12:51:20.703 [lettuce-nioEventLoop-4-1] DEBUG i.l.core.protocol.CommandHandler - [channel=0xfaa4a81d, /127.0.0.1:60508 -> localhost/127.0.0.1:6379, epid=0x1, chid=0x1] Received: 10 bytes, 2 commands in the stack
2026-07-30 12:51:20.703 [lettuce-nioEventLoop-4-1] DEBUG i.l.core.protocol.CommandHandler - [channel=0xfaa4a81d, /127.0.0.1:60508 -> localhost/127.0.0.1:6379, epid=0x1, chid=0x1] Stack contains: 2 commands
2026-07-30 12:51:20.703 [lettuce-nioEventLoop-4-1] DEBUG i.l.core.protocol.RedisStateMachine - Decode done, empty stack: true
2026-07-30 12:51:20.704 [lettuce-nioEventLoop-4-1] DEBUG i.l.core.protocol.CommandHandler - [channel=0xfaa4a81d, /127.0.0.1:60508 -> localhost/127.0.0.1:6379, epid=0x1, chid=0x1] Completing command LatencyMeteredCommand [type=CLIENT, output=StatusOutput [output=OK, error='null'], commandType=io.lettuce.core.protocol.AsyncCommand]
2026-07-30 12:51:20.704 [lettuce-nioEventLoop-4-1] DEBUG i.l.core.protocol.CommandHandler - [channel=0xfaa4a81d, /127.0.0.1:60508 -> localhost/127.0.0.1:6379, epid=0x1, chid=0x1] Stack contains: 1 commands
2026-07-30 12:51:20.704 [lettuce-nioEventLoop-4-1] DEBUG i.l.core.protocol.RedisStateMachine - Decode done, empty stack: true
2026-07-30 12:51:20.704 [lettuce-nioEventLoop-4-1] DEBUG i.l.core.protocol.CommandHandler - [channel=0xfaa4a81d, /127.0.0.1:60508 -> localhost/127.0.0.1:6379, epid=0x1, chid=0x1] Completing command LatencyMeteredCommand [type=CLIENT, output=StatusOutput [output=OK, error='null'], commandType=io.lettuce.core.protocol.AsyncCommand]
2026-07-30 12:51:20.705 [lettuce-nioEventLoop-4-1] DEBUG i.l.core.protocol.CommandHandler - [channel=0xfaa4a81d, /127.0.0.1:60508 -> localhost/127.0.0.1:6379, epid=0x1, chid=0x1] channelActive()
2026-07-30 12:51:20.706 [lettuce-nioEventLoop-4-1] DEBUG i.l.core.protocol.DefaultEndpoint - [channel=0xfaa4a81d, /127.0.0.1:60508 -> localhost/127.0.0.1:6379, epid=0x1] activateEndpointAndExecuteBufferedCommands 0 command(s) buffered
2026-07-30 12:51:20.706 [lettuce-nioEventLoop-4-1] DEBUG i.l.core.protocol.DefaultEndpoint - [channel=0xfaa4a81d, /127.0.0.1:60508 -> localhost/127.0.0.1:6379, epid=0x1] activating endpoint
2026-07-30 12:51:20.706 [lettuce-nioEventLoop-4-1] DEBUG i.l.core.protocol.DefaultEndpoint - [channel=0xfaa4a81d, /127.0.0.1:60508 -> localhost/127.0.0.1:6379, epid=0x1] flushCommands()
2026-07-30 12:51:20.707 [lettuce-nioEventLoop-4-1] DEBUG i.l.core.protocol.DefaultEndpoint - [channel=0xfaa4a81d, /127.0.0.1:60508 -> localhost/127.0.0.1:6379, epid=0x1] flushCommands() Flushing 0 commands
2026-07-30 12:51:20.710 [lettuce-nioEventLoop-4-1] DEBUG i.l.core.protocol.ConnectionWatchdog - [channel=0xfaa4a81d, /127.0.0.1:60508 -> localhost/127.0.0.1:6379, last known addr=localhost/127.0.0.1:6379] channelActive()
2026-07-30 12:51:20.710 [lettuce-nioEventLoop-4-1] DEBUG i.l.core.protocol.CommandHandler - [channel=0xfaa4a81d, /127.0.0.1:60508 -> localhost/127.0.0.1:6379, epid=0x1, chid=0x1] channelActive() done
2026-07-30 12:51:20.710 [lettuce-nioEventLoop-4-1] DEBUG io.lettuce.core.AbstractRedisClient - Connecting to Redis at localhost/<unresolved>:6379: Success
2026-07-30 12:51:20.730 [restartedMain] DEBUG io.lettuce.core.RedisChannelHandler - dispatching command AsyncCommand [type=CONFIG, output=MapOutput [output={}, error='null'], commandType=io.lettuce.core.protocol.Command]
2026-07-30 12:51:20.733 [restartedMain] DEBUG i.l.core.protocol.DefaultEndpoint - [channel=0xfaa4a81d, /127.0.0.1:60508 -> localhost/127.0.0.1:6379, epid=0x1] write() writeAndFlush command AsyncCommand [type=CONFIG, output=MapOutput [output={}, error='null'], commandType=io.lettuce.core.protocol.Command]
2026-07-30 12:51:20.735 [lettuce-nioEventLoop-4-1] DEBUG i.l.core.protocol.CommandHandler - [channel=0xfaa4a81d, /127.0.0.1:60508 -> localhost/127.0.0.1:6379, epid=0x1, chid=0x1] write(ctx, AsyncCommand [type=CONFIG, output=MapOutput [output={}, error='null'], commandType=io.lettuce.core.protocol.Command], promise)
2026-07-30 12:51:20.735 [lettuce-nioEventLoop-4-1] DEBUG i.l.core.protocol.CommandEncoder - [channel=0xfaa4a81d, /127.0.0.1:60508 -> localhost/127.0.0.1:6379] writing command AsyncCommand [type=CONFIG, output=MapOutput [output={}, error='null'], commandType=io.lettuce.core.protocol.Command]
2026-07-30 12:51:20.736 [restartedMain] DEBUG i.l.core.protocol.DefaultEndpoint - [channel=0xfaa4a81d, /127.0.0.1:60508 -> localhost/127.0.0.1:6379, epid=0x1] write() done
2026-07-30 12:51:20.739 [lettuce-nioEventLoop-4-1] DEBUG i.l.core.protocol.CommandHandler - [channel=0xfaa4a81d, /127.0.0.1:60508 -> localhost/127.0.0.1:6379, epid=0x1, chid=0x1] Received: 41 bytes, 1 commands in the stack
2026-07-30 12:51:20.740 [lettuce-nioEventLoop-4-1] DEBUG i.l.core.protocol.CommandHandler - [channel=0xfaa4a81d, /127.0.0.1:60508 -> localhost/127.0.0.1:6379, epid=0x1, chid=0x1] Stack contains: 1 commands
2026-07-30 12:51:20.740 [lettuce-nioEventLoop-4-1] DEBUG i.l.core.protocol.RedisStateMachine - Decode done, empty stack: true
2026-07-30 12:51:20.740 [lettuce-nioEventLoop-4-1] DEBUG i.l.core.protocol.CommandHandler - [channel=0xfaa4a81d, /127.0.0.1:60508 -> localhost/127.0.0.1:6379, epid=0x1, chid=0x1] Completing command LatencyMeteredCommand [type=CONFIG, output=MapOutput [output={notify-keyspace-events=xE}, error='null'], commandType=io.lettuce.core.protocol.AsyncCommand]
2026-07-30 12:51:20.848 [restartedMain] DEBUG io.lettuce.core.RedisClient - Resolved SocketAddress localhost/<unresolved>:6379 using redis://localhost?timeout=1s
2026-07-30 12:51:20.849 [restartedMain] DEBUG io.lettuce.core.AbstractRedisClient - Connecting to Redis at localhost/<unresolved>:6379
2026-07-30 12:51:20.852 [lettuce-nioEventLoop-4-2] DEBUG i.l.core.protocol.CommandHandler - [channel=0xbc7abe9a, [id: 0xbaa4a315] (inactive), epid=0x2, chid=0x2] channelRegistered()
2026-07-30 12:51:20.863 [lettuce-nioEventLoop-4-2] DEBUG i.l.core.protocol.CommandHandler - [channel=0xbc7abe9a, /127.0.0.1:60522 -> localhost/127.0.0.1:6379, epid=0x2, chid=0x2] write(ctx, AsyncCommand [type=HELLO, output=GenericMapOutput [output=null, error='null'], commandType=io.lettuce.core.protocol.Command], promise)
2026-07-30 12:51:20.865 [lettuce-nioEventLoop-4-2] DEBUG i.l.core.protocol.CommandEncoder - [channel=0xbc7abe9a, /127.0.0.1:60522 -> localhost/127.0.0.1:6379] writing command AsyncCommand [type=HELLO, output=GenericMapOutput [output=null, error='null'], commandType=io.lettuce.core.protocol.Command]
2026-07-30 12:51:20.872 [lettuce-nioEventLoop-4-2] DEBUG i.l.core.protocol.CommandHandler - [channel=0xbc7abe9a, /127.0.0.1:60522 -> localhost/127.0.0.1:6379, epid=0x2, chid=0x2] Received: 687 bytes, 1 commands in the stack
2026-07-30 12:51:20.872 [lettuce-nioEventLoop-4-2] DEBUG i.l.core.protocol.CommandHandler - [channel=0xbc7abe9a, /127.0.0.1:60522 -> localhost/127.0.0.1:6379, epid=0x2, chid=0x2] Stack contains: 1 commands
2026-07-30 12:51:20.877 [lettuce-nioEventLoop-4-2] DEBUG i.l.core.protocol.RedisStateMachine - Decode done, empty stack: true
2026-07-30 12:51:20.879 [lettuce-nioEventLoop-4-2] DEBUG i.l.core.protocol.CommandHandler - [channel=0xbc7abe9a, /127.0.0.1:60522 -> localhost/127.0.0.1:6379, epid=0x2, chid=0x2] Completing command LatencyMeteredCommand [type=HELLO, output=GenericMapOutput [output=null, error='null'], commandType=io.lettuce.core.protocol.AsyncCommand]
2026-07-30 12:51:20.883 [lettuce-nioEventLoop-4-2] DEBUG i.l.core.protocol.CommandHandler - [channel=0xbc7abe9a, /127.0.0.1:60522 -> localhost/127.0.0.1:6379, epid=0x2, chid=0x2] write(ctx, [AsyncCommand [type=CLIENT, output=StatusOutput [output=null, error='null'], commandType=io.lettuce.core.protocol.Command], AsyncCommand [type=CLIENT, output=StatusOutput [output=null, error='null'], commandType=io.lettuce.core.protocol.Command]], promise)
2026-07-30 12:51:20.885 [lettuce-nioEventLoop-4-2] DEBUG i.l.core.protocol.CommandEncoder - [channel=0xbc7abe9a, /127.0.0.1:60522 -> localhost/127.0.0.1:6379] writing command AsyncCommand [type=CLIENT, output=StatusOutput [output=null, error='null'], commandType=io.lettuce.core.protocol.Command]
2026-07-30 12:51:20.885 [lettuce-nioEventLoop-4-2] DEBUG i.l.core.protocol.CommandEncoder - [channel=0xbc7abe9a, /127.0.0.1:60522 -> localhost/127.0.0.1:6379] writing command AsyncCommand [type=CLIENT, output=StatusOutput [output=null, error='null'], commandType=io.lettuce.core.protocol.Command]
2026-07-30 12:51:20.891 [lettuce-nioEventLoop-4-2] DEBUG i.l.core.protocol.CommandHandler - [channel=0xbc7abe9a, /127.0.0.1:60522 -> localhost/127.0.0.1:6379, epid=0x2, chid=0x2] Received: 10 bytes, 2 commands in the stack
2026-07-30 12:51:20.891 [lettuce-nioEventLoop-4-2] DEBUG i.l.core.protocol.CommandHandler - [channel=0xbc7abe9a, /127.0.0.1:60522 -> localhost/127.0.0.1:6379, epid=0x2, chid=0x2] Stack contains: 2 commands
2026-07-30 12:51:20.891 [lettuce-nioEventLoop-4-2] DEBUG i.l.core.protocol.RedisStateMachine - Decode done, empty stack: true
2026-07-30 12:51:20.892 [lettuce-nioEventLoop-4-2] DEBUG i.l.core.protocol.CommandHandler - [channel=0xbc7abe9a, /127.0.0.1:60522 -> localhost/127.0.0.1:6379, epid=0x2, chid=0x2] Completing command LatencyMeteredCommand [type=CLIENT, output=StatusOutput [output=null, error='null'], commandType=io.lettuce.core.protocol.AsyncCommand]
2026-07-30 12:51:20.892 [lettuce-nioEventLoop-4-2] DEBUG i.l.core.protocol.CommandHandler - [channel=0xbc7abe9a, /127.0.0.1:60522 -> localhost/127.0.0.1:6379, epid=0x2, chid=0x2] Stack contains: 1 commands
2026-07-30 12:51:20.893 [lettuce-nioEventLoop-4-2] DEBUG i.l.core.protocol.RedisStateMachine - Decode done, empty stack: true
2026-07-30 12:51:20.893 [lettuce-nioEventLoop-4-2] DEBUG i.l.core.protocol.CommandHandler - [channel=0xbc7abe9a, /127.0.0.1:60522 -> localhost/127.0.0.1:6379, epid=0x2, chid=0x2] Completing command LatencyMeteredCommand [type=CLIENT, output=StatusOutput [output=null, error='null'], commandType=io.lettuce.core.protocol.AsyncCommand]
2026-07-30 12:51:20.894 [lettuce-nioEventLoop-4-2] DEBUG i.l.core.protocol.CommandHandler - [channel=0xbc7abe9a, /127.0.0.1:60522 -> localhost/127.0.0.1:6379, epid=0x2, chid=0x2] channelActive()
2026-07-30 12:51:20.903 [lettuce-nioEventLoop-4-2] DEBUG i.l.core.protocol.DefaultEndpoint - [channel=0xbc7abe9a, /127.0.0.1:60522 -> localhost/127.0.0.1:6379, epid=0x2] activateEndpointAndExecuteBufferedCommands 0 command(s) buffered
2026-07-30 12:51:20.904 [lettuce-nioEventLoop-4-2] DEBUG i.l.core.protocol.DefaultEndpoint - [channel=0xbc7abe9a, /127.0.0.1:60522 -> localhost/127.0.0.1:6379, epid=0x2] activating endpoint
2026-07-30 12:51:20.904 [lettuce-nioEventLoop-4-2] DEBUG i.l.core.protocol.DefaultEndpoint - [channel=0xbc7abe9a, /127.0.0.1:60522 -> localhost/127.0.0.1:6379, epid=0x2] flushCommands()
2026-07-30 12:51:20.904 [lettuce-nioEventLoop-4-2] DEBUG i.l.core.protocol.DefaultEndpoint - [channel=0xbc7abe9a, /127.0.0.1:60522 -> localhost/127.0.0.1:6379, epid=0x2] flushCommands() Flushing 0 commands
2026-07-30 12:51:20.905 [lettuce-nioEventLoop-4-2] DEBUG i.l.core.protocol.ConnectionWatchdog - [channel=0xbc7abe9a, /127.0.0.1:60522 -> localhost/127.0.0.1:6379, last known addr=localhost/127.0.0.1:6379] channelActive()
2026-07-30 12:51:20.905 [lettuce-nioEventLoop-4-2] DEBUG i.l.core.protocol.CommandHandler - [channel=0xbc7abe9a, /127.0.0.1:60522 -> localhost/127.0.0.1:6379, epid=0x2, chid=0x2] channelActive() done
2026-07-30 12:51:20.905 [lettuce-nioEventLoop-4-2] DEBUG io.lettuce.core.AbstractRedisClient - Connecting to Redis at localhost/<unresolved>:6379: Success
2026-07-30 12:51:20.909 [restartedMain] DEBUG io.lettuce.core.RedisChannelHandler - dispatching command AsyncCommand [type=PSUBSCRIBE, output=PubSubOutput [output=null, error='null'], commandType=io.lettuce.core.protocol.Command]
2026-07-30 12:51:20.909 [restartedMain] DEBUG i.l.core.protocol.DefaultEndpoint - [channel=0xbc7abe9a, /127.0.0.1:60522 -> localhost/127.0.0.1:6379, epid=0x2] write() writeAndFlush command AsyncCommand [type=PSUBSCRIBE, output=PubSubOutput [output=null, error='null'], commandType=io.lettuce.core.protocol.Command]
2026-07-30 12:51:20.910 [restartedMain] DEBUG i.l.core.protocol.DefaultEndpoint - [channel=0xbc7abe9a, /127.0.0.1:60522 -> localhost/127.0.0.1:6379, epid=0x2] write() done
2026-07-30 12:51:20.910 [lettuce-nioEventLoop-4-2] DEBUG i.l.core.protocol.CommandHandler - [channel=0xbc7abe9a, /127.0.0.1:60522 -> localhost/127.0.0.1:6379, epid=0x2, chid=0x2] write(ctx, AsyncCommand [type=PSUBSCRIBE, output=PubSubOutput [output=null, error='null'], commandType=io.lettuce.core.protocol.Command], promise)
2026-07-30 12:51:20.911 [lettuce-nioEventLoop-4-2] DEBUG i.l.core.protocol.CommandEncoder - [channel=0xbc7abe9a, /127.0.0.1:60522 -> localhost/127.0.0.1:6379] writing command AsyncCommand [type=PSUBSCRIBE, output=PubSubOutput [output=null, error='null'], commandType=io.lettuce.core.protocol.Command]
2026-07-30 12:51:20.916 [lettuce-nioEventLoop-4-2] DEBUG i.l.core.protocol.CommandHandler - [channel=0xbc7abe9a, /127.0.0.1:60522 -> localhost/127.0.0.1:6379, epid=0x2, chid=0x2] Received: 54 bytes, 1 commands in the stack
2026-07-30 12:51:20.918 [lettuce-nioEventLoop-4-2] DEBUG i.l.core.protocol.RedisStateMachine - Decode done, empty stack: true
2026-07-30 12:51:21.150 [restartedMain] DEBUG o.apache.catalina.core.ContainerBase - Add container child [StandardWrapper[dispatcherServlet]] to container [StandardEngine[Tomcat].StandardHost[localhost].TomcatEmbeddedContext[]]
2026-07-30 12:51:21.150 [restartedMain] DEBUG o.apache.catalina.util.LifecycleBase - Setting state for [StandardEngine[Tomcat].StandardHost[localhost].TomcatEmbeddedContext[].StandardWrapper[dispatcherServlet]] to [INITIALIZING]
2026-07-30 12:51:21.151 [restartedMain] DEBUG o.apache.catalina.util.LifecycleBase - Setting state for [StandardEngine[Tomcat].StandardHost[localhost].TomcatEmbeddedContext[].StandardWrapper[dispatcherServlet]] to [INITIALIZED]
2026-07-30 12:51:21.151 [restartedMain] DEBUG o.apache.catalina.util.LifecycleBase - Setting state for [StandardEngine[Tomcat].StandardHost[localhost].TomcatEmbeddedContext[].StandardWrapper[dispatcherServlet]] to [STARTING_PREP]
2026-07-30 12:51:21.151 [restartedMain] DEBUG o.apache.catalina.util.LifecycleBase - Setting state for [StandardPipeline[StandardEngine[Tomcat].StandardHost[localhost].TomcatEmbeddedContext[].StandardWrapper[dispatcherServlet]]] to [INITIALIZING]
2026-07-30 12:51:21.152 [restartedMain] DEBUG o.apache.catalina.util.LifecycleBase - Setting state for [StandardPipeline[StandardEngine[Tomcat].StandardHost[localhost].TomcatEmbeddedContext[].StandardWrapper[dispatcherServlet]]] to [INITIALIZED]
2026-07-30 12:51:21.152 [restartedMain] DEBUG o.apache.catalina.util.LifecycleBase - Setting state for [StandardPipeline[StandardEngine[Tomcat].StandardHost[localhost].TomcatEmbeddedContext[].StandardWrapper[dispatcherServlet]]] to [STARTING_PREP]
2026-07-30 12:51:21.152 [restartedMain] DEBUG o.apache.catalina.util.LifecycleBase - Setting state for [StandardWrapperValve[StandardEngine[Tomcat].StandardHost[localhost].TomcatEmbeddedContext[].StandardWrapper[dispatcherServlet]]] to [INITIALIZING]
2026-07-30 12:51:21.152 [restartedMain] DEBUG o.apache.catalina.util.LifecycleBase - Setting state for [StandardWrapperValve[StandardEngine[Tomcat].StandardHost[localhost].TomcatEmbeddedContext[].StandardWrapper[dispatcherServlet]]] to [INITIALIZED]
2026-07-30 12:51:21.153 [restartedMain] DEBUG o.apache.catalina.util.LifecycleBase - Setting state for [StandardWrapperValve[StandardEngine[Tomcat].StandardHost[localhost].TomcatEmbeddedContext[].StandardWrapper[dispatcherServlet]]] to [STARTING_PREP]
2026-07-30 12:51:21.153 [restartedMain] DEBUG o.apache.catalina.util.LifecycleBase - Setting state for [StandardWrapperValve[StandardEngine[Tomcat].StandardHost[localhost].TomcatEmbeddedContext[].StandardWrapper[dispatcherServlet]]] to [STARTING]
2026-07-30 12:51:21.153 [restartedMain] DEBUG o.apache.catalina.util.LifecycleBase - Setting state for [StandardWrapperValve[StandardEngine[Tomcat].StandardHost[localhost].TomcatEmbeddedContext[].StandardWrapper[dispatcherServlet]]] to [STARTED]
2026-07-30 12:51:21.153 [restartedMain] DEBUG o.apache.catalina.util.LifecycleBase - Setting state for [StandardPipeline[StandardEngine[Tomcat].StandardHost[localhost].TomcatEmbeddedContext[].StandardWrapper[dispatcherServlet]]] to [STARTING]
2026-07-30 12:51:21.154 [restartedMain] DEBUG o.apache.catalina.util.LifecycleBase - Setting state for [StandardPipeline[StandardEngine[Tomcat].StandardHost[localhost].TomcatEmbeddedContext[].StandardWrapper[dispatcherServlet]]] to [STARTED]
2026-07-30 12:51:21.154 [restartedMain] DEBUG o.apache.catalina.util.LifecycleBase - Setting state for [StandardEngine[Tomcat].StandardHost[localhost].TomcatEmbeddedContext[].StandardWrapper[dispatcherServlet]] to [STARTING]
2026-07-30 12:51:21.154 [restartedMain] DEBUG o.apache.catalina.util.LifecycleBase - Setting state for [StandardEngine[Tomcat].StandardHost[localhost].TomcatEmbeddedContext[].StandardWrapper[dispatcherServlet]] to [STARTED]
2026-07-30 12:51:21.155 [restartedMain] DEBUG o.apache.catalina.core.ContainerBase - Add container child [StandardWrapper[h2Console]] to container [StandardEngine[Tomcat].StandardHost[localhost].TomcatEmbeddedContext[]]
2026-07-30 12:51:21.156 [restartedMain] DEBUG o.apache.catalina.util.LifecycleBase - Setting state for [StandardEngine[Tomcat].StandardHost[localhost].TomcatEmbeddedContext[].StandardWrapper[h2Console]] to [INITIALIZING]
2026-07-30 12:51:21.156 [restartedMain] DEBUG o.apache.catalina.util.LifecycleBase - Setting state for [StandardEngine[Tomcat].StandardHost[localhost].TomcatEmbeddedContext[].StandardWrapper[h2Console]] to [INITIALIZED]
2026-07-30 12:51:21.156 [restartedMain] DEBUG o.apache.catalina.util.LifecycleBase - Setting state for [StandardEngine[Tomcat].StandardHost[localhost].TomcatEmbeddedContext[].StandardWrapper[h2Console]] to [STARTING_PREP]
2026-07-30 12:51:21.157 [restartedMain] DEBUG o.apache.catalina.util.LifecycleBase - Setting state for [StandardPipeline[StandardEngine[Tomcat].StandardHost[localhost].TomcatEmbeddedContext[].StandardWrapper[h2Console]]] to [INITIALIZING]
2026-07-30 12:51:21.157 [restartedMain] DEBUG o.apache.catalina.util.LifecycleBase - Setting state for [StandardPipeline[StandardEngine[Tomcat].StandardHost[localhost].TomcatEmbeddedContext[].StandardWrapper[h2Console]]] to [INITIALIZED]
2026-07-30 12:51:21.157 [restartedMain] DEBUG o.apache.catalina.util.LifecycleBase - Setting state for [StandardPipeline[StandardEngine[Tomcat].StandardHost[localhost].TomcatEmbeddedContext[].StandardWrapper[h2Console]]] to [STARTING_PREP]
2026-07-30 12:51:21.157 [restartedMain] DEBUG o.apache.catalina.util.LifecycleBase - Setting state for [StandardWrapperValve[StandardEngine[Tomcat].StandardHost[localhost].TomcatEmbeddedContext[].StandardWrapper[h2Console]]] to [INITIALIZING]
2026-07-30 12:51:21.158 [restartedMain] DEBUG o.apache.catalina.util.LifecycleBase - Setting state for [StandardWrapperValve[StandardEngine[Tomcat].StandardHost[localhost].TomcatEmbeddedContext[].StandardWrapper[h2Console]]] to [INITIALIZED]
2026-07-30 12:51:21.158 [restartedMain] DEBUG o.apache.catalina.util.LifecycleBase - Setting state for [StandardWrapperValve[StandardEngine[Tomcat].StandardHost[localhost].TomcatEmbeddedContext[].StandardWrapper[h2Console]]] to [STARTING_PREP]
2026-07-30 12:51:21.158 [restartedMain] DEBUG o.apache.catalina.util.LifecycleBase - Setting state for [StandardWrapperValve[StandardEngine[Tomcat].StandardHost[localhost].TomcatEmbeddedContext[].StandardWrapper[h2Console]]] to [STARTING]
2026-07-30 12:51:21.158 [restartedMain] DEBUG o.apache.catalina.util.LifecycleBase - Setting state for [StandardWrapperValve[StandardEngine[Tomcat].StandardHost[localhost].TomcatEmbeddedContext[].StandardWrapper[h2Console]]] to [STARTED]
2026-07-30 12:51:21.159 [restartedMain] DEBUG o.apache.catalina.util.LifecycleBase - Setting state for [StandardPipeline[StandardEngine[Tomcat].StandardHost[localhost].TomcatEmbeddedContext[].StandardWrapper[h2Console]]] to [STARTING]
2026-07-30 12:51:21.159 [restartedMain] DEBUG o.apache.catalina.util.LifecycleBase - Setting state for [StandardPipeline[StandardEngine[Tomcat].StandardHost[localhost].TomcatEmbeddedContext[].StandardWrapper[h2Console]]] to [STARTED]
2026-07-30 12:51:21.159 [restartedMain] DEBUG o.apache.catalina.util.LifecycleBase - Setting state for [StandardEngine[Tomcat].StandardHost[localhost].TomcatEmbeddedContext[].StandardWrapper[h2Console]] to [STARTING]
2026-07-30 12:51:21.159 [restartedMain] DEBUG o.apache.catalina.util.LifecycleBase - Setting state for [StandardEngine[Tomcat].StandardHost[localhost].TomcatEmbeddedContext[].StandardWrapper[h2Console]] to [STARTED]
2026-07-30 12:51:21.181 [restartedMain] DEBUG o.apache.catalina.util.LifecycleBase - Setting state for [StandardManager[StandardEngine[Tomcat].StandardHost[localhost].TomcatEmbeddedContext[]]] to [INITIALIZING]
2026-07-30 12:51:21.181 [restartedMain] DEBUG o.apache.catalina.util.LifecycleBase - Setting state for [StandardManager[StandardEngine[Tomcat].StandardHost[localhost].TomcatEmbeddedContext[]]] to [INITIALIZED]
2026-07-30 12:51:21.181 [restartedMain] DEBUG o.apache.catalina.util.LifecycleBase - Setting state for [StandardManager[StandardEngine[Tomcat].StandardHost[localhost].TomcatEmbeddedContext[]]] to [STARTING_PREP]
2026-07-30 12:51:21.181 [restartedMain] DEBUG o.apache.catalina.util.LifecycleBase - Setting state for [org.springframework.boot.web.embedded.tomcat.LazySessionIdGenerator@74c07d60] to [INITIALIZING]
2026-07-30 12:51:21.182 [restartedMain] DEBUG o.apache.catalina.util.LifecycleBase - Setting state for [org.springframework.boot.web.embedded.tomcat.LazySessionIdGenerator@74c07d60] to [INITIALIZED]
2026-07-30 12:51:21.182 [restartedMain] DEBUG o.apache.catalina.util.LifecycleBase - Setting state for [org.springframework.boot.web.embedded.tomcat.LazySessionIdGenerator@74c07d60] to [STARTING_PREP]
2026-07-30 12:51:21.182 [restartedMain] DEBUG o.apache.catalina.util.LifecycleBase - Setting state for [org.springframework.boot.web.embedded.tomcat.LazySessionIdGenerator@74c07d60] to [STARTING]
2026-07-30 12:51:21.182 [restartedMain] DEBUG o.apache.catalina.util.LifecycleBase - Setting state for [org.springframework.boot.web.embedded.tomcat.LazySessionIdGenerator@74c07d60] to [STARTED]
2026-07-30 12:51:21.187 [restartedMain] DEBUG o.a.catalina.session.StandardManager - Persisted data file [/tmp/ACFEFFFB641B7BD0609815101683ACFBBB7602B0/servlet-sessions/SESSIONS.ser] was not found
2026-07-30 12:51:21.187 [restartedMain] DEBUG o.apache.catalina.util.LifecycleBase - Setting state for [StandardManager[StandardEngine[Tomcat].StandardHost[localhost].TomcatEmbeddedContext[]]] to [STARTING]
2026-07-30 12:51:21.187 [restartedMain] DEBUG o.apache.catalina.util.LifecycleBase - Setting state for [StandardManager[StandardEngine[Tomcat].StandardHost[localhost].TomcatEmbeddedContext[]]] to [STARTED]
2026-07-30 12:51:21.195 [restartedMain] DEBUG c.t.g.s.JwtAuthenticationFilter - Filter 'jwtAuthenticationFilter' configured for use
2026-07-30 12:51:21.196 [restartedMain] DEBUG o.s.w.f.ServerHttpObservationFilter - Filter 'webMvcObservationFilter' configured for use
2026-07-30 12:51:21.197 [restartedMain] DEBUG o.apache.catalina.util.LifecycleBase - Setting state for [StandardEngine[Tomcat].StandardHost[localhost].TomcatEmbeddedContext[]] to [STARTING]
2026-07-30 12:51:21.198 [restartedMain] DEBUG o.apache.catalina.util.LifecycleBase - Setting state for [StandardEngine[Tomcat].StandardHost[localhost].TomcatEmbeddedContext[]] to [STARTED]
2026-07-30 12:51:21.198 [restartedMain] DEBUG o.apache.catalina.util.LifecycleBase - Setting state for [StandardPipeline[StandardEngine[Tomcat].StandardHost[localhost]]] to [INITIALIZING]
2026-07-30 12:51:21.198 [restartedMain] DEBUG o.apache.catalina.util.LifecycleBase - Setting state for [StandardPipeline[StandardEngine[Tomcat].StandardHost[localhost]]] to [INITIALIZED]
2026-07-30 12:51:21.198 [restartedMain] DEBUG o.apache.catalina.util.LifecycleBase - Setting state for [StandardPipeline[StandardEngine[Tomcat].StandardHost[localhost]]] to [STARTING_PREP]
2026-07-30 12:51:21.199 [restartedMain] DEBUG o.apache.catalina.util.LifecycleBase - Setting state for [ErrorReportValve[StandardEngine[Tomcat].StandardHost[localhost]]] to [INITIALIZING]
2026-07-30 12:51:21.199 [restartedMain] DEBUG o.apache.catalina.util.LifecycleBase - Setting state for [ErrorReportValve[StandardEngine[Tomcat].StandardHost[localhost]]] to [INITIALIZED]
2026-07-30 12:51:21.199 [restartedMain] DEBUG o.apache.catalina.util.LifecycleBase - Setting state for [ErrorReportValve[StandardEngine[Tomcat].StandardHost[localhost]]] to [STARTING_PREP]
2026-07-30 12:51:21.199 [restartedMain] DEBUG o.apache.catalina.util.LifecycleBase - Setting state for [ErrorReportValve[StandardEngine[Tomcat].StandardHost[localhost]]] to [STARTING]
2026-07-30 12:51:21.199 [restartedMain] DEBUG o.apache.catalina.util.LifecycleBase - Setting state for [ErrorReportValve[StandardEngine[Tomcat].StandardHost[localhost]]] to [STARTED]
2026-07-30 12:51:21.200 [restartedMain] DEBUG o.apache.catalina.util.LifecycleBase - Setting state for [StandardHostValve[StandardEngine[Tomcat].StandardHost[localhost]]] to [INITIALIZING]
2026-07-30 12:51:21.200 [restartedMain] DEBUG o.apache.catalina.util.LifecycleBase - Setting state for [StandardHostValve[StandardEngine[Tomcat].StandardHost[localhost]]] to [INITIALIZED]
2026-07-30 12:51:21.200 [restartedMain] DEBUG o.apache.catalina.util.LifecycleBase - Setting state for [StandardHostValve[StandardEngine[Tomcat].StandardHost[localhost]]] to [STARTING_PREP]
2026-07-30 12:51:21.200 [restartedMain] DEBUG o.apache.catalina.util.LifecycleBase - Setting state for [StandardHostValve[StandardEngine[Tomcat].StandardHost[localhost]]] to [STARTING]
2026-07-30 12:51:21.200 [restartedMain] DEBUG o.apache.catalina.util.LifecycleBase - Setting state for [StandardHostValve[StandardEngine[Tomcat].StandardHost[localhost]]] to [STARTED]
2026-07-30 12:51:21.201 [restartedMain] DEBUG o.apache.catalina.util.LifecycleBase - Setting state for [StandardPipeline[StandardEngine[Tomcat].StandardHost[localhost]]] to [STARTING]
2026-07-30 12:51:21.201 [restartedMain] DEBUG o.apache.catalina.util.LifecycleBase - Setting state for [StandardPipeline[StandardEngine[Tomcat].StandardHost[localhost]]] to [STARTED]
2026-07-30 12:51:21.201 [restartedMain] DEBUG o.apache.catalina.util.LifecycleBase - Setting state for [StandardEngine[Tomcat].StandardHost[localhost]] to [STARTING]
2026-07-30 12:51:21.201 [restartedMain] DEBUG o.apache.catalina.util.LifecycleBase - Setting state for [StandardEngine[Tomcat].StandardHost[localhost]] to [STARTED]
2026-07-30 12:51:21.201 [restartedMain] DEBUG o.apache.catalina.util.LifecycleBase - Setting state for [StandardPipeline[StandardEngine[Tomcat]]] to [INITIALIZING]
2026-07-30 12:51:21.201 [restartedMain] DEBUG o.apache.catalina.util.LifecycleBase - Setting state for [StandardPipeline[StandardEngine[Tomcat]]] to [INITIALIZED]
2026-07-30 12:51:21.202 [restartedMain] DEBUG o.apache.catalina.util.LifecycleBase - Setting state for [StandardPipeline[StandardEngine[Tomcat]]] to [STARTING_PREP]
2026-07-30 12:51:21.202 [restartedMain] DEBUG o.apache.catalina.util.LifecycleBase - Setting state for [StandardEngineValve[StandardEngine[Tomcat]]] to [INITIALIZING]
2026-07-30 12:51:21.202 [restartedMain] DEBUG o.apache.catalina.util.LifecycleBase - Setting state for [StandardEngineValve[StandardEngine[Tomcat]]] to [INITIALIZED]
2026-07-30 12:51:21.202 [restartedMain] DEBUG o.apache.catalina.util.LifecycleBase - Setting state for [StandardEngineValve[StandardEngine[Tomcat]]] to [STARTING_PREP]
2026-07-30 12:51:21.205 [restartedMain] DEBUG o.apache.catalina.util.LifecycleBase - Setting state for [StandardEngineValve[StandardEngine[Tomcat]]] to [STARTING]
2026-07-30 12:51:21.205 [restartedMain] DEBUG o.apache.catalina.util.LifecycleBase - Setting state for [StandardEngineValve[StandardEngine[Tomcat]]] to [STARTED]
2026-07-30 12:51:21.205 [restartedMain] DEBUG o.apache.catalina.util.LifecycleBase - Setting state for [StandardPipeline[StandardEngine[Tomcat]]] to [STARTING]
2026-07-30 12:51:21.206 [restartedMain] DEBUG o.apache.catalina.util.LifecycleBase - Setting state for [StandardPipeline[StandardEngine[Tomcat]]] to [STARTED]
2026-07-30 12:51:21.206 [restartedMain] DEBUG o.apache.catalina.util.LifecycleBase - Setting state for [StandardEngine[Tomcat]] to [STARTING]
2026-07-30 12:51:21.209 [restartedMain] DEBUG o.apache.catalina.util.LifecycleBase - Setting state for [StandardEngine[Tomcat]] to [STARTED]
2026-07-30 12:51:21.209 [restartedMain] DEBUG o.apache.catalina.util.LifecycleBase - Setting state for [org.apache.catalina.mapper.MapperListener@5936e8fe] to [STARTING_PREP]
2026-07-30 12:51:21.209 [restartedMain] DEBUG o.apache.catalina.util.LifecycleBase - Setting state for [org.apache.catalina.mapper.MapperListener@5936e8fe] to [STARTING]
2026-07-30 12:51:21.210 [restartedMain] DEBUG org.apache.catalina.mapper.Mapper - Registered host [localhost]
2026-07-30 12:51:21.211 [restartedMain] DEBUG o.a.catalina.mapper.MapperListener - Register Wrapper [h2Console] in Context [] for service [StandardService[Tomcat]]
2026-07-30 12:51:21.211 [restartedMain] DEBUG o.a.catalina.mapper.MapperListener - Register Wrapper [dispatcherServlet] in Context [] for service [StandardService[Tomcat]]
2026-07-30 12:51:21.212 [restartedMain] DEBUG o.a.catalina.mapper.MapperListener - Register Context [] for service [StandardService[Tomcat]]
2026-07-30 12:51:21.212 [restartedMain] DEBUG o.a.catalina.mapper.MapperListener - Register host [localhost] at domain [null] for service [StandardService[Tomcat]]
2026-07-30 12:51:21.212 [restartedMain] DEBUG o.apache.catalina.util.LifecycleBase - Setting state for [org.apache.catalina.mapper.MapperListener@5936e8fe] to [STARTED]
2026-07-30 12:51:21.212 [restartedMain] DEBUG o.apache.catalina.util.LifecycleBase - Setting state for [StandardService[Tomcat]] to [STARTED]
2026-07-30 12:51:21.213 [restartedMain] DEBUG o.apache.catalina.util.LifecycleBase - Setting state for [StandardServer[-1]] to [STARTED]
2026-07-30 12:51:21.244 [restartedMain] INFO  o.s.b.d.a.OptionalLiveReloadServer - LiveReload server is running on port 35729
2026-07-30 12:51:21.398 [restartedMain] INFO  com.zaxxer.hikari.HikariDataSource - HikariPool-1 - Starting...
2026-07-30 12:51:21.685 [restartedMain] INFO  com.zaxxer.hikari.pool.HikariPool - HikariPool-1 - Added connection com.mysql.cj.jdbc.ConnectionImpl@5036a11a
2026-07-30 12:51:21.688 [restartedMain] INFO  com.zaxxer.hikari.HikariDataSource - HikariPool-1 - Start completed.
2026-07-30 12:51:22.336 [restartedMain] INFO  o.s.o.j.p.SpringPersistenceUnitInfo - No LoadTimeWeaver setup: ignoring JPA class transformer
2026-07-30 12:51:24.588 [restartedMain] INFO  o.s.o.j.LocalContainerEntityManagerFactoryBean - Initialized JPA EntityManagerFactory for persistence unit 'default'
2026-07-30 12:51:25.112 [restartedMain] INFO  o.s.d.j.r.query.QueryEnhancerFactory - Hibernate is in classpath; If applicable, HQL parser will be used.
2026-07-30 12:51:26.788 [restartedMain] WARN  o.s.b.a.o.j.JpaBaseConfiguration$JpaWebConfiguration - spring.jpa.open-in-view is enabled by default. Therefore, database queries may be performed during view rendering. Explicitly configure spring.jpa.open-in-view to disable this warning
2026-07-30 12:51:26.985 [restartedMain] INFO  o.s.s.c.a.a.c.InitializeUserDetailsBeanManagerConfigurer$InitializeUserDetailsManagerConfigurer - Global AuthenticationManager configured with UserDetailsService bean with name inMemoryUserDetailsManager
2026-07-30 12:51:27.120 [restartedMain] DEBUG o.apache.catalina.webresources.Cache - Increased cache size by [521] for item [org.apache.catalina.webresources.CachedResource@4412f4d4] at [/index.html] making total cache size [1628]
2026-07-30 12:51:27.191 [restartedMain] DEBUG _.s.w.s.HandlerMapping.Mappings - 
	c.t.d.a.a.AuthController:
	{POST [/api/v1/auth/login]}: login(UsernamePasswordRequest)
	{POST [/api/v1/auth/logout]}: logout()
	{POST [/api/v1/auth/refresh]}: refreshToken(RefreshTokenRequest)
	{POST [/api/v1/auth/register]}: register(RegisterRequest)
2026-07-30 12:51:27.210 [restartedMain] DEBUG _.s.w.s.HandlerMapping.Mappings - 
	c.t.d.b.a.BookingController:
	{POST [/api/v1/bookings]}: createBooking(CreateBookingRequest)
	{GET [/api/v1/bookings]}: getUserBookings(BookingStatus,Pageable)
	{GET [/api/v1/bookings/{id}]}: getBookingDetail(Long)
	{DELETE [/api/v1/bookings/{id}]}: cancelBooking(Long)
	{POST [/api/v1/bookings/hold-seats]}: holdSeats(HoldSeatsRequest)
2026-07-30 12:51:27.227 [restartedMain] DEBUG _.s.w.s.HandlerMapping.Mappings - 
	c.t.d.c.a.CinemaController:
	{GET [/api/v1/cinemas/{id}/showtimes]}: getCinemaShowtimes(Long,Long,String,String,String)
	{GET [/api/v1/cinemas/{id}]}: getCinemaById(Long)
	{GET [/api/v1/cinemas]}: getAllCinemas(int,int,String,String,String)
2026-07-30 12:51:27.232 [restartedMain] DEBUG _.s.w.s.HandlerMapping.Mappings - 
	c.t.d.m.a.MovieController:
	{GET [/api/v1/movies]}: getAllMovies(MovieStatus,String,String)
	{GET [/api/v1/movies/{id}]}: getMovieById(Long)
	{GET [/api/v1/movies/search]}: searchMovies(String)
2026-07-30 12:51:27.234 [restartedMain] DEBUG _.s.w.s.HandlerMapping.Mappings - 
	c.t.d.p.a.PaymentController:
	{POST [/api/v1/payments]}: initiatePayment(PaymentRequest,HttpServletRequest)
	{POST [/api/v1/payments/{id}/verify]}: verifyPayment(Long)
	{GET [/api/v1/payments/callback]}: handlePaymentCallback(Map)
2026-07-30 12:51:27.237 [restartedMain] DEBUG _.s.w.s.HandlerMapping.Mappings - 
	c.t.d.s.a.ShowtimeController:
	{GET [/api/v1/showtimes]}: getShowtimes(Long,Long,String,String,String,String)
	{GET [/api/v1/showtimes/{id}/seats]}: getShowtimeSeats(Long)
2026-07-30 12:51:27.243 [restartedMain] DEBUG _.s.w.s.HandlerMapping.Mappings - 
	o.s.b.a.w.s.e.BasicErrorController:
	{ [/error], produces [text/html]}: errorHtml(HttpServletRequest,HttpServletResponse)
	{ [/error]}: error(HttpServletRequest)
2026-07-30 12:51:27.268 [restartedMain] DEBUG _.s.w.s.HandlerMapping.Mappings - 
	o.s.w.a.OpenApiWebMvcResource:
	{GET [/v3/api-docs], produces [application/json]}: openapiJson(HttpServletRequest,String,Locale)
	{GET [/v3/api-docs.yaml], produces [application/vnd.oai.openapi]}: openapiYaml(HttpServletRequest,String,Locale)
2026-07-30 12:51:27.270 [restartedMain] DEBUG _.s.w.s.HandlerMapping.Mappings - 
	o.s.w.u.SwaggerWelcomeWebMvc:
	{GET [/swagger-ui]}: redirectToUi(HttpServletRequest)
2026-07-30 12:51:27.271 [restartedMain] DEBUG _.s.w.s.HandlerMapping.Mappings - 
	o.s.w.u.SwaggerConfigResource:
	{GET [/v3/api-docs/swagger-config], produces [application/json]}: openapiJson(HttpServletRequest)
2026-07-30 12:51:27.275 [restartedMain] DEBUG o.s.w.s.m.m.a.RequestMappingHandlerMapping - 26 mappings in 'requestMappingHandlerMapping'
2026-07-30 12:51:27.292 [restartedMain] DEBUG _.s.w.s.HandlerMapping.Mappings - 'beanNameHandlerMapping' {}
2026-07-30 12:51:27.365 [restartedMain] DEBUG _.s.w.s.HandlerMapping.Mappings - 'resourceHandlerMapping' {/webjars/**=ResourceHttpRequestHandler [classpath [META-INF/resources/webjars/]], /**=ResourceHttpRequestHandler [classpath [META-INF/resources/], classpath [resources/], classpath [static/], classpath [public/], ServletContext [/]], /swagger-ui*/*swagger-initializer.js=ResourceHttpRequestHandler [classpath [META-INF/resources/webjars/]], /swagger-ui*/**=ResourceHttpRequestHandler [classpath [META-INF/resources/webjars/]]}
2026-07-30 12:51:27.547 [restartedMain] INFO  o.s.b.a.e.web.EndpointLinksResolver - Exposing 3 endpoints beneath base path '/actuator'
2026-07-30 12:51:27.921 [restartedMain] DEBUG o.s.w.s.m.m.a.RequestMappingHandlerAdapter - ControllerAdvice beans: 0 @ModelAttribute, 0 @InitBinder, 1 RequestBodyAdvice, 2 ResponseBodyAdvice
2026-07-30 12:51:27.986 [restartedMain] DEBUG o.s.w.s.m.m.a.ExceptionHandlerExceptionResolver - ControllerAdvice beans: 2 @ExceptionHandler, 2 ResponseBodyAdvice
2026-07-30 12:51:28.230 [restartedMain] DEBUG i.l.c.r.DefaultEventLoopGroupProvider - Creating executor io.netty.util.concurrent.DefaultEventExecutorGroup
2026-07-30 12:51:28.462 [restartedMain] INFO  o.s.b.a.h.H2ConsoleAutoConfiguration - H2 console available at '/h2-console'. Database available at 'jdbc:mysql://localhost:3306/ticket?useSSL=false&characterEncoding=UTF-8&serverTimezone=Asia/Ho_Chi_Minh&allowPublicKeyRetrieval=true&tinyInt1isBit=false'
2026-07-30 12:51:28.675 [restartedMain] DEBUG o.apache.catalina.util.LifecycleBase - Setting state for [Connector["http-nio-8081"]] to [STARTING_PREP]
2026-07-30 12:51:28.675 [restartedMain] DEBUG o.apache.catalina.util.LifecycleBase - Setting state for [Connector["http-nio-8081"]] to [STARTING]
2026-07-30 12:51:28.675 [restartedMain] INFO  o.a.coyote.http11.Http11NioProtocol - Starting ProtocolHandler ["http-nio-8081"]
2026-07-30 12:51:28.693 [restartedMain] DEBUG o.apache.catalina.util.LifecycleBase - Setting state for [Connector["http-nio-8081"]] to [STARTED]
2026-07-30 12:51:28.697 [restartedMain] INFO  o.s.b.w.e.tomcat.TomcatWebServer - Tomcat started on port 8081 (http) with context path '/'
2026-07-30 12:51:28.729 [restartedMain] INFO  c.t.TicketOnlineApplication - Started TicketOnlineApplication in 14.103 seconds (process running for 15.355)
2026-07-30 12:51:28.869 [scheduling-1] DEBUG org.hibernate.SQL - select b1_0.id,b1_0.booking_code,b1_0.confirmed_at,b1_0.created_at,b1_0.expires_at,b1_0.showtime_id,b1_0.status,b1_0.total_amount,b1_0.updated_at,b1_0.user_id from bookings b1_0 where b1_0.status='PENDING' and b1_0.expires_at<? order by b1_0.expires_at
2026-07-30 12:52:28.736 [scheduling-1] DEBUG org.hibernate.SQL - select b1_0.id,b1_0.booking_code,b1_0.confirmed_at,b1_0.created_at,b1_0.expires_at,b1_0.showtime_id,b1_0.status,b1_0.total_amount,b1_0.updated_at,b1_0.user_id from bookings b1_0 where b1_0.status='PENDING' and b1_0.expires_at<? order by b1_0.expires_at
2026-07-30 12:53:28.733 [scheduling-1] DEBUG org.hibernate.SQL - select b1_0.id,b1_0.booking_code,b1_0.confirmed_at,b1_0.created_at,b1_0.expires_at,b1_0.showtime_id,b1_0.status,b1_0.total_amount,b1_0.updated_at,b1_0.user_id from bookings b1_0 where b1_0.status='PENDING' and b1_0.expires_at<? order by b1_0.expires_at
2026-07-30 12:54:28.734 [scheduling-1] DEBUG org.hibernate.SQL - select b1_0.id,b1_0.booking_code,b1_0.confirmed_at,b1_0.created_at,b1_0.expires_at,b1_0.showtime_id,b1_0.status,b1_0.total_amount,b1_0.updated_at,b1_0.user_id from bookings b1_0 where b1_0.status='PENDING' and b1_0.expires_at<? order by b1_0.expires_at
2026-07-30 12:55:28.734 [scheduling-1] DEBUG org.hibernate.SQL - select b1_0.id,b1_0.booking_code,b1_0.confirmed_at,b1_0.created_at,b1_0.expires_at,b1_0.showtime_id,b1_0.status,b1_0.total_amount,b1_0.updated_at,b1_0.user_id from bookings b1_0 where b1_0.status='PENDING' and b1_0.expires_at<? order by b1_0.expires_at
2026-07-30 12:56:28.736 [scheduling-1] DEBUG org.hibernate.SQL - select b1_0.id,b1_0.booking_code,b1_0.confirmed_at,b1_0.created_at,b1_0.expires_at,b1_0.showtime_id,b1_0.status,b1_0.total_amount,b1_0.updated_at,b1_0.user_id from bookings b1_0 where b1_0.status='PENDING' and b1_0.expires_at<? order by b1_0.expires_at
2026-07-30 12:57:28.734 [scheduling-1] DEBUG org.hibernate.SQL - select b1_0.id,b1_0.booking_code,b1_0.confirmed_at,b1_0.created_at,b1_0.expires_at,b1_0.showtime_id,b1_0.status,b1_0.total_amount,b1_0.updated_at,b1_0.user_id from bookings b1_0 where b1_0.status='PENDING' and b1_0.expires_at<? order by b1_0.expires_at
2026-07-30 12:58:28.731 [scheduling-1] DEBUG org.hibernate.SQL - select b1_0.id,b1_0.booking_code,b1_0.confirmed_at,b1_0.created_at,b1_0.expires_at,b1_0.showtime_id,b1_0.status,b1_0.total_amount,b1_0.updated_at,b1_0.user_id from bookings b1_0 where b1_0.status='PENDING' and b1_0.expires_at<? order by b1_0.expires_at
2026-07-30 12:59:28.735 [scheduling-1] DEBUG org.hibernate.SQL - select b1_0.id,b1_0.booking_code,b1_0.confirmed_at,b1_0.created_at,b1_0.expires_at,b1_0.showtime_id,b1_0.status,b1_0.total_amount,b1_0.updated_at,b1_0.user_id from bookings b1_0 where b1_0.status='PENDING' and b1_0.expires_at<? order by b1_0.expires_at
2026-07-30 13:00:28.734 [scheduling-1] DEBUG org.hibernate.SQL - select b1_0.id,b1_0.booking_code,b1_0.confirmed_at,b1_0.created_at,b1_0.expires_at,b1_0.showtime_id,b1_0.status,b1_0.total_amount,b1_0.updated_at,b1_0.user_id from bookings b1_0 where b1_0.status='PENDING' and b1_0.expires_at<? order by b1_0.expires_at
2026-07-30 13:01:28.734 [scheduling-1] DEBUG org.hibernate.SQL - select b1_0.id,b1_0.booking_code,b1_0.confirmed_at,b1_0.created_at,b1_0.expires_at,b1_0.showtime_id,b1_0.status,b1_0.total_amount,b1_0.updated_at,b1_0.user_id from bookings b1_0 where b1_0.status='PENDING' and b1_0.expires_at<? order by b1_0.expires_at
2026-07-30 13:02:28.735 [scheduling-1] DEBUG org.hibernate.SQL - select b1_0.id,b1_0.booking_code,b1_0.confirmed_at,b1_0.created_at,b1_0.expires_at,b1_0.showtime_id,b1_0.status,b1_0.total_amount,b1_0.updated_at,b1_0.user_id from bookings b1_0 where b1_0.status='PENDING' and b1_0.expires_at<? order by b1_0.expires_at
2026-07-30 13:03:28.734 [scheduling-1] DEBUG org.hibernate.SQL - select b1_0.id,b1_0.booking_code,b1_0.confirmed_at,b1_0.created_at,b1_0.expires_at,b1_0.showtime_id,b1_0.status,b1_0.total_amount,b1_0.updated_at,b1_0.user_id from bookings b1_0 where b1_0.status='PENDING' and b1_0.expires_at<? order by b1_0.expires_at
2026-07-30 13:04:28.734 [scheduling-1] DEBUG org.hibernate.SQL - select b1_0.id,b1_0.booking_code,b1_0.confirmed_at,b1_0.created_at,b1_0.expires_at,b1_0.showtime_id,b1_0.status,b1_0.total_amount,b1_0.updated_at,b1_0.user_id from bookings b1_0 where b1_0.status='PENDING' and b1_0.expires_at<? order by b1_0.expires_at
2026-07-30 13:05:28.738 [scheduling-1] DEBUG org.hibernate.SQL - select b1_0.id,b1_0.booking_code,b1_0.confirmed_at,b1_0.created_at,b1_0.expires_at,b1_0.showtime_id,b1_0.status,b1_0.total_amount,b1_0.updated_at,b1_0.user_id from bookings b1_0 where b1_0.status='PENDING' and b1_0.expires_at<? order by b1_0.expires_at
2026-07-30 13:06:28.738 [scheduling-1] DEBUG org.hibernate.SQL - select b1_0.id,b1_0.booking_code,b1_0.confirmed_at,b1_0.created_at,b1_0.expires_at,b1_0.showtime_id,b1_0.status,b1_0.total_amount,b1_0.updated_at,b1_0.user_id from bookings b1_0 where b1_0.status='PENDING' and b1_0.expires_at<? order by b1_0.expires_at
2026-07-30 13:07:27.608 [http-nio-8081-exec-1] DEBUG o.a.c.a.jaspic.AuthConfigFactoryImpl - Loading persistent provider registrations from [/tmp/tomcat.8081.747041984177445496/conf/jaspic-providers.xml]
2026-07-30 13:07:27.610 [http-nio-8081-exec-1] INFO  o.a.c.c.C.[Tomcat].[localhost].[/] - Initializing Spring DispatcherServlet 'dispatcherServlet'
2026-07-30 13:07:27.612 [http-nio-8081-exec-1] INFO  o.s.web.servlet.DispatcherServlet - Initializing Servlet 'dispatcherServlet'
2026-07-30 13:07:27.612 [http-nio-8081-exec-1] DEBUG o.s.web.servlet.DispatcherServlet - Detected StandardServletMultipartResolver
2026-07-30 13:07:27.612 [http-nio-8081-exec-1] DEBUG o.s.web.servlet.DispatcherServlet - Detected AcceptHeaderLocaleResolver
2026-07-30 13:07:27.612 [http-nio-8081-exec-1] DEBUG o.s.web.servlet.DispatcherServlet - Detected FixedThemeResolver
2026-07-30 13:07:27.614 [http-nio-8081-exec-1] DEBUG o.s.web.servlet.DispatcherServlet - Detected org.springframework.web.servlet.view.DefaultRequestToViewNameTranslator@40e2aeb5
2026-07-30 13:07:27.615 [http-nio-8081-exec-1] DEBUG o.s.web.servlet.DispatcherServlet - Detected org.springframework.web.servlet.support.SessionFlashMapManager@3cddf88d
2026-07-30 13:07:27.617 [http-nio-8081-exec-1] DEBUG o.s.web.servlet.DispatcherServlet - enableLoggingRequestDetails='false': request parameters and headers will be masked to prevent unsafe logging of potentially sensitive data
2026-07-30 13:07:27.618 [http-nio-8081-exec-1] INFO  o.s.web.servlet.DispatcherServlet - Completed initialization in 5 ms
2026-07-30 13:07:27.913 [http-nio-8081-exec-1] DEBUG o.s.web.servlet.DispatcherServlet - GET "/swagger-ui/index.html", parameters={}
2026-07-30 13:07:27.916 [http-nio-8081-exec-1] DEBUG o.s.w.s.h.SimpleUrlHandlerMapping - Mapped to ResourceHttpRequestHandler [classpath [META-INF/resources/webjars/]]
2026-07-30 13:07:27.945 [http-nio-8081-exec-1] DEBUG o.s.web.servlet.DispatcherServlet - Completed 200 OK
2026-07-30 13:07:28.136 [http-nio-8081-exec-6] DEBUG o.s.web.servlet.DispatcherServlet - GET "/swagger-ui/swagger-initializer.js", parameters={}
2026-07-30 13:07:28.137 [http-nio-8081-exec-6] DEBUG o.s.w.s.h.SimpleUrlHandlerMapping - Mapped to ResourceHttpRequestHandler [classpath [META-INF/resources/webjars/]]
2026-07-30 13:07:28.138 [http-nio-8081-exec-4] DEBUG o.s.web.servlet.DispatcherServlet - GET "/swagger-ui/swagger-ui-bundle.js", parameters={}
2026-07-30 13:07:28.139 [http-nio-8081-exec-4] DEBUG o.s.w.s.h.SimpleUrlHandlerMapping - Mapped to ResourceHttpRequestHandler [classpath [META-INF/resources/webjars/]]
2026-07-30 13:07:28.166 [http-nio-8081-exec-5] DEBUG o.s.web.servlet.DispatcherServlet - GET "/swagger-ui/swagger-ui-standalone-preset.js", parameters={}
2026-07-30 13:07:28.167 [http-nio-8081-exec-5] DEBUG o.s.w.s.h.SimpleUrlHandlerMapping - Mapped to ResourceHttpRequestHandler [classpath [META-INF/resources/webjars/]]
2026-07-30 13:07:28.171 [http-nio-8081-exec-4] DEBUG o.s.web.servlet.DispatcherServlet - Completed 200 OK
2026-07-30 13:07:28.173 [http-nio-8081-exec-5] DEBUG o.s.web.servlet.DispatcherServlet - Completed 200 OK
2026-07-30 13:07:28.174 [http-nio-8081-exec-3] DEBUG o.s.web.servlet.DispatcherServlet - GET "/swagger-ui/index.css", parameters={}
2026-07-30 13:07:28.176 [http-nio-8081-exec-3] DEBUG o.s.w.s.h.SimpleUrlHandlerMapping - Mapped to ResourceHttpRequestHandler [classpath [META-INF/resources/webjars/]]
2026-07-30 13:07:28.180 [http-nio-8081-exec-3] DEBUG o.s.web.servlet.DispatcherServlet - Completed 200 OK
2026-07-30 13:07:28.204 [http-nio-8081-exec-2] DEBUG o.s.web.servlet.DispatcherServlet - GET "/swagger-ui/swagger-ui.css", parameters={}
2026-07-30 13:07:28.205 [http-nio-8081-exec-2] DEBUG o.s.w.s.h.SimpleUrlHandlerMapping - Mapped to ResourceHttpRequestHandler [classpath [META-INF/resources/webjars/]]
2026-07-30 13:07:28.208 [http-nio-8081-exec-6] DEBUG o.s.web.servlet.DispatcherServlet - Completed 200 OK
2026-07-30 13:07:28.209 [http-nio-8081-exec-2] DEBUG o.s.web.servlet.DispatcherServlet - Completed 200 OK
2026-07-30 13:07:28.651 [http-nio-8081-exec-8] DEBUG o.s.web.servlet.DispatcherServlet - GET "/v3/api-docs/swagger-config", parameters={}
2026-07-30 13:07:28.652 [http-nio-8081-exec-8] DEBUG o.s.w.s.m.m.a.RequestMappingHandlerMapping - Mapped to org.springdoc.webmvc.ui.SwaggerConfigResource#openapiJson(HttpServletRequest)
2026-07-30 13:07:28.659 [http-nio-8081-exec-7] DEBUG o.s.web.servlet.DispatcherServlet - GET "/swagger-ui/favicon-16x16.png", parameters={}
2026-07-30 13:07:28.660 [http-nio-8081-exec-7] DEBUG o.s.w.s.h.SimpleUrlHandlerMapping - Mapped to ResourceHttpRequestHandler [classpath [META-INF/resources/webjars/]]
2026-07-30 13:07:28.662 [http-nio-8081-exec-7] DEBUG o.s.web.servlet.DispatcherServlet - Completed 200 OK
2026-07-30 13:07:28.678 [http-nio-8081-exec-8] DEBUG o.s.w.s.m.m.a.RequestResponseBodyMethodProcessor - Using 'application/json', given [*/*] and supported [application/json]
2026-07-30 13:07:28.680 [http-nio-8081-exec-8] DEBUG o.s.w.s.m.m.a.RequestResponseBodyMethodProcessor - Writing [{configUrl=/v3/api-docs/swagger-config, displayRequestDuration=true, oauth2RedirectUrl=http://localh (truncated)...]
2026-07-30 13:07:28.688 [http-nio-8081-exec-8] DEBUG o.s.web.servlet.DispatcherServlet - Completed 200 OK
2026-07-30 13:07:28.731 [scheduling-1] DEBUG org.hibernate.SQL - select b1_0.id,b1_0.booking_code,b1_0.confirmed_at,b1_0.created_at,b1_0.expires_at,b1_0.showtime_id,b1_0.status,b1_0.total_amount,b1_0.updated_at,b1_0.user_id from bookings b1_0 where b1_0.status='PENDING' and b1_0.expires_at<? order by b1_0.expires_at
2026-07-30 13:07:28.815 [http-nio-8081-exec-9] DEBUG o.s.web.servlet.DispatcherServlet - GET "/v3/api-docs", parameters={}
2026-07-30 13:07:28.816 [http-nio-8081-exec-9] DEBUG o.s.w.s.m.m.a.RequestMappingHandlerMapping - Mapped to org.springdoc.webmvc.api.OpenApiWebMvcResource#openapiJson(HttpServletRequest, String, Locale)
2026-07-30 13:07:29.140 [http-nio-8081-exec-9] DEBUG i.s.v.c.c.ModelConverterContextImpl - resolve class com.ticket_online.domain.payments.dto.request.PaymentRequest
2026-07-30 13:07:29.148 [http-nio-8081-exec-9] DEBUG i.s.v.c.c.ModelConverterContextImpl - resolve [simple type, class java.lang.Long]
2026-07-30 13:07:29.183 [http-nio-8081-exec-9] DEBUG i.s.v.c.c.ModelConverterContextImpl - resolve [simple type, class com.ticket_online.domain.payments.domain.PaymentMethod]
2026-07-30 13:07:29.195 [http-nio-8081-exec-9] DEBUG i.s.v.c.c.ModelConverterContextImpl - resolve [simple type, class java.lang.String]
2026-07-30 13:07:29.196 [http-nio-8081-exec-9] DEBUG i.s.v.c.c.ModelConverterContextImpl - resolve [simple type, class java.lang.String]
2026-07-30 13:07:29.208 [http-nio-8081-exec-9] DEBUG i.s.v.c.c.ModelConverterContextImpl - resolve org.springframework.http.ResponseEntity<com.ticket_online.domain.payments.dto.response.PaymentResponse>
2026-07-30 13:07:29.208 [http-nio-8081-exec-9] DEBUG i.s.v.c.c.ModelConverterContextImpl - resolve [simple type, class com.ticket_online.domain.payments.dto.response.PaymentResponse]
2026-07-30 13:07:29.210 [http-nio-8081-exec-9] DEBUG i.s.v.c.c.ModelConverterContextImpl - resolve [simple type, class java.lang.Long]
2026-07-30 13:07:29.212 [http-nio-8081-exec-9] DEBUG i.s.v.c.c.ModelConverterContextImpl - resolve [simple type, class com.ticket_online.domain.payments.domain.PaymentMethod]
2026-07-30 13:07:29.213 [http-nio-8081-exec-9] DEBUG i.s.v.c.c.ModelConverterContextImpl - resolve [simple type, class java.math.BigDecimal]
2026-07-30 13:07:29.219 [http-nio-8081-exec-9] DEBUG i.s.v.c.c.ModelConverterContextImpl - resolve [simple type, class com.ticket_online.domain.payments.domain.PaymentStatus]
2026-07-30 13:07:29.220 [http-nio-8081-exec-9] DEBUG i.s.v.c.c.ModelConverterContextImpl - resolve [simple type, class java.lang.String]
2026-07-30 13:07:29.221 [http-nio-8081-exec-9] DEBUG i.s.v.c.c.ModelConverterContextImpl - resolve [simple type, class java.time.LocalDateTime]
2026-07-30 13:07:29.232 [http-nio-8081-exec-9] DEBUG i.s.v.c.c.ModelConverterContextImpl - resolve class java.lang.Long
2026-07-30 13:07:29.234 [http-nio-8081-exec-9] DEBUG i.s.v.c.c.ModelConverterContextImpl - resolve org.springframework.http.ResponseEntity<com.ticket_online.domain.payments.dto.response.PaymentVerificationResponse>
2026-07-30 13:07:29.234 [http-nio-8081-exec-9] DEBUG i.s.v.c.c.ModelConverterContextImpl - resolve [simple type, class com.ticket_online.domain.payments.dto.response.PaymentVerificationResponse]
2026-07-30 13:07:29.236 [http-nio-8081-exec-9] DEBUG i.s.v.c.c.ModelConverterContextImpl - resolve [simple type, class java.lang.Long]
2026-07-30 13:07:29.237 [http-nio-8081-exec-9] DEBUG i.s.v.c.c.ModelConverterContextImpl - resolve [simple type, class com.ticket_online.domain.payments.domain.PaymentStatus]
2026-07-30 13:07:29.238 [http-nio-8081-exec-9] DEBUG i.s.v.c.c.ModelConverterContextImpl - resolve [simple type, class java.math.BigDecimal]
2026-07-30 13:07:29.249 [http-nio-8081-exec-9] DEBUG i.s.v.c.c.ModelConverterContextImpl - resolve [simple type, class java.lang.String]
2026-07-30 13:07:29.250 [http-nio-8081-exec-9] DEBUG i.s.v.c.c.ModelConverterContextImpl - resolve [simple type, class java.time.LocalDateTime]
2026-07-30 13:07:29.257 [http-nio-8081-exec-9] DEBUG i.s.v.c.c.ModelConverterContextImpl - resolve class com.ticket_online.domain.bookings.dto.request.CreateBookingRequest
2026-07-30 13:07:29.261 [http-nio-8081-exec-9] DEBUG i.s.v.c.c.ModelConverterContextImpl - resolve [simple type, class java.lang.String]
2026-07-30 13:07:29.262 [http-nio-8081-exec-9] DEBUG i.s.v.c.c.ModelConverterContextImpl - resolve [simple type, class java.lang.Long]
2026-07-30 13:07:29.263 [http-nio-8081-exec-9] DEBUG i.s.v.c.c.ModelConverterContextImpl - resolve [collection type; class java.util.List, contains [simple type, class java.lang.Long]]
2026-07-30 13:07:29.263 [http-nio-8081-exec-9] DEBUG i.s.v.c.c.ModelConverterContextImpl - resolve [simple type, class java.lang.Long]
2026-07-30 13:07:29.272 [http-nio-8081-exec-9] DEBUG i.s.v.c.c.ModelConverterContextImpl - resolve [simple type, class java.lang.String]
2026-07-30 13:07:29.273 [http-nio-8081-exec-9] DEBUG i.s.v.c.c.ModelConverterContextImpl - resolve [simple type, class java.lang.String]
2026-07-30 13:07:29.275 [http-nio-8081-exec-9] DEBUG i.s.v.c.c.ModelConverterContextImpl - resolve org.springframework.http.ResponseEntity<com.ticket_online.domain.bookings.dto.response.BookingResponse>
2026-07-30 13:07:29.275 [http-nio-8081-exec-9] DEBUG i.s.v.c.c.ModelConverterContextImpl - resolve [simple type, class com.ticket_online.domain.bookings.dto.response.BookingResponse]
2026-07-30 13:07:29.277 [http-nio-8081-exec-9] DEBUG i.s.v.c.c.ModelConverterContextImpl - resolve [simple type, class java.lang.Long]
2026-07-30 13:07:29.278 [http-nio-8081-exec-9] DEBUG i.s.v.c.c.ModelConverterContextImpl - resolve [simple type, class java.lang.String]
2026-07-30 13:07:29.283 [http-nio-8081-exec-9] DEBUG i.s.v.c.c.ModelConverterContextImpl - resolve [simple type, class java.time.LocalDateTime]
2026-07-30 13:07:29.284 [http-nio-8081-exec-9] DEBUG i.s.v.c.c.ModelConverterContextImpl - resolve [collection type; class java.util.List, contains [simple type, class com.ticket_online.domain.bookings.dto.response.SeatDto]]
2026-07-30 13:07:29.284 [http-nio-8081-exec-9] DEBUG i.s.v.c.c.ModelConverterContextImpl - resolve [simple type, class com.ticket_online.domain.bookings.dto.response.SeatDto]
2026-07-30 13:07:29.286 [http-nio-8081-exec-9] DEBUG i.s.v.c.c.ModelConverterContextImpl - resolve [simple type, class java.lang.Integer]
2026-07-30 13:07:29.287 [http-nio-8081-exec-9] DEBUG i.s.v.c.c.ModelConverterContextImpl - resolve [simple type, class com.ticket_online.domain.seats.domain.SeatType]
2026-07-30 13:07:29.288 [http-nio-8081-exec-9] DEBUG i.s.v.c.c.ModelConverterContextImpl - resolve [simple type, class java.math.BigDecimal]
2026-07-30 13:07:29.292 [http-nio-8081-exec-9] DEBUG i.s.v.c.c.ModelConverterContextImpl - resolve [simple type, class com.ticket_online.domain.bookings.domain.BookingStatus]
2026-07-30 13:07:29.297 [http-nio-8081-exec-9] DEBUG i.s.v.c.c.ModelConverterContextImpl - resolve class com.ticket_online.domain.bookings.dto.request.HoldSeatsRequest
2026-07-30 13:07:29.299 [http-nio-8081-exec-9] DEBUG i.s.v.c.c.ModelConverterContextImpl - resolve [simple type, class java.lang.Long]
2026-07-30 13:07:29.300 [http-nio-8081-exec-9] DEBUG i.s.v.c.c.ModelConverterContextImpl - resolve [collection type; class java.util.List, contains [simple type, class java.lang.Long]]
2026-07-30 13:07:29.300 [http-nio-8081-exec-9] DEBUG i.s.v.c.c.ModelConverterContextImpl - resolve [simple type, class java.lang.Long]
2026-07-30 13:07:29.303 [http-nio-8081-exec-9] DEBUG i.s.v.c.c.ModelConverterContextImpl - resolve org.springframework.http.ResponseEntity<com.ticket_online.domain.bookings.dto.response.HoldSeatsResponse>
2026-07-30 13:07:29.303 [http-nio-8081-exec-9] DEBUG i.s.v.c.c.ModelConverterContextImpl - resolve [simple type, class com.ticket_online.domain.bookings.dto.response.HoldSeatsResponse]
2026-07-30 13:07:29.304 [http-nio-8081-exec-9] DEBUG i.s.v.c.c.ModelConverterContextImpl - resolve [simple type, class java.lang.String]
2026-07-30 13:07:29.305 [http-nio-8081-exec-9] DEBUG i.s.v.c.c.ModelConverterContextImpl - resolve [simple type, class java.lang.Long]
2026-07-30 13:07:29.306 [http-nio-8081-exec-9] DEBUG i.s.v.c.c.ModelConverterContextImpl - resolve [collection type; class java.util.List, contains [simple type, class java.lang.Long]]
2026-07-30 13:07:29.307 [http-nio-8081-exec-9] DEBUG i.s.v.c.c.ModelConverterContextImpl - resolve [simple type, class java.time.LocalDateTime]
2026-07-30 13:07:29.308 [http-nio-8081-exec-9] DEBUG i.s.v.c.c.ModelConverterContextImpl - resolve [simple type, class java.lang.Integer]
2026-07-30 13:07:29.310 [http-nio-8081-exec-9] DEBUG i.s.v.c.c.ModelConverterContextImpl - resolve class com.ticket_online.domain.auth.dto.request.RegisterRequest
2026-07-30 13:07:29.320 [http-nio-8081-exec-9] DEBUG i.s.v.c.c.ModelConverterContextImpl - resolve [simple type, class java.lang.String]
2026-07-30 13:07:29.326 [http-nio-8081-exec-9] DEBUG i.s.v.c.c.ModelConverterContextImpl - resolve [simple type, class java.lang.String]
2026-07-30 13:07:29.328 [http-nio-8081-exec-9] DEBUG i.s.v.c.c.ModelConverterContextImpl - resolve [simple type, class java.lang.String]
2026-07-30 13:07:29.329 [http-nio-8081-exec-9] DEBUG i.s.v.c.c.ModelConverterContextImpl - resolve [simple type, class java.lang.String]
2026-07-30 13:07:29.331 [http-nio-8081-exec-9] DEBUG i.s.v.c.c.ModelConverterContextImpl - resolve [simple type, class java.lang.String]
2026-07-30 13:07:29.334 [http-nio-8081-exec-9] DEBUG i.s.v.c.c.ModelConverterContextImpl - resolve org.springframework.http.ResponseEntity<com.ticket_online.domain.auth.dto.response.TokenPairResponse>
2026-07-30 13:07:29.334 [http-nio-8081-exec-9] DEBUG i.s.v.c.c.ModelConverterContextImpl - resolve [simple type, class com.ticket_online.domain.auth.dto.response.TokenPairResponse]
2026-07-30 13:07:29.337 [http-nio-8081-exec-9] DEBUG i.s.v.c.c.ModelConverterContextImpl - resolve [simple type, class java.lang.String]
2026-07-30 13:07:29.339 [http-nio-8081-exec-9] DEBUG i.s.v.c.c.ModelConverterContextImpl - resolve [simple type, class java.lang.String]
2026-07-30 13:07:29.340 [http-nio-8081-exec-9] DEBUG i.s.v.c.c.ModelConverterContextImpl - resolve [simple type, class java.lang.String]
2026-07-30 13:07:29.342 [http-nio-8081-exec-9] DEBUG i.s.v.c.c.ModelConverterContextImpl - resolve [simple type, class java.lang.Long]
2026-07-30 13:07:29.352 [http-nio-8081-exec-9] DEBUG i.s.v.c.c.ModelConverterContextImpl - resolve class com.ticket_online.domain.auth.dto.request.RefreshTokenRequest
2026-07-30 13:07:29.354 [http-nio-8081-exec-9] DEBUG i.s.v.c.c.ModelConverterContextImpl - resolve [simple type, class java.lang.String]
2026-07-30 13:07:29.356 [http-nio-8081-exec-9] DEBUG i.s.v.c.c.ModelConverterContextImpl - resolve org.springframework.http.ResponseEntity<com.ticket_online.domain.auth.dto.response.AccessTokenResponse>
2026-07-30 13:07:29.356 [http-nio-8081-exec-9] DEBUG i.s.v.c.c.ModelConverterContextImpl - resolve [simple type, class com.ticket_online.domain.auth.dto.response.AccessTokenResponse]
2026-07-30 13:07:29.358 [http-nio-8081-exec-9] DEBUG i.s.v.c.c.ModelConverterContextImpl - resolve [simple type, class java.lang.String]
2026-07-30 13:07:29.359 [http-nio-8081-exec-9] DEBUG i.s.v.c.c.ModelConverterContextImpl - resolve [simple type, class java.lang.String]
2026-07-30 13:07:29.360 [http-nio-8081-exec-9] DEBUG i.s.v.c.c.ModelConverterContextImpl - resolve [simple type, class java.lang.Long]
2026-07-30 13:07:29.364 [http-nio-8081-exec-9] DEBUG i.s.v.c.c.ModelConverterContextImpl - resolve org.springframework.http.ResponseEntity<com.ticket_online.domain.auth.dto.response.LogoutResponse>
2026-07-30 13:07:29.364 [http-nio-8081-exec-9] DEBUG i.s.v.c.c.ModelConverterContextImpl - resolve [simple type, class com.ticket_online.domain.auth.dto.response.LogoutResponse]
2026-07-30 13:07:29.365 [http-nio-8081-exec-9] DEBUG i.s.v.c.c.ModelConverterContextImpl - resolve [simple type, class java.lang.String]
2026-07-30 13:07:29.367 [http-nio-8081-exec-9] DEBUG i.s.v.c.c.ModelConverterContextImpl - resolve class com.ticket_online.domain.auth.dto.request.UsernamePasswordRequest
2026-07-30 13:07:29.369 [http-nio-8081-exec-9] DEBUG i.s.v.c.c.ModelConverterContextImpl - resolve [simple type, class java.lang.String]
2026-07-30 13:07:29.370 [http-nio-8081-exec-9] DEBUG i.s.v.c.c.ModelConverterContextImpl - resolve [simple type, class java.lang.String]
2026-07-30 13:07:29.372 [http-nio-8081-exec-9] DEBUG i.s.v.c.c.ModelConverterContextImpl - resolve org.springframework.http.ResponseEntity<com.ticket_online.domain.auth.dto.response.TokenPairResponse>
2026-07-30 13:07:29.373 [http-nio-8081-exec-9] DEBUG i.s.v.c.c.ModelConverterContextImpl - resolve [simple type, class com.ticket_online.domain.auth.dto.response.TokenPairResponse]
2026-07-30 13:07:29.374 [http-nio-8081-exec-9] DEBUG i.s.v.c.c.ModelConverterContextImpl - resolve [simple type, class java.lang.String]
2026-07-30 13:07:29.375 [http-nio-8081-exec-9] DEBUG i.s.v.c.c.ModelConverterContextImpl - resolve [simple type, class java.lang.String]
2026-07-30 13:07:29.376 [http-nio-8081-exec-9] DEBUG i.s.v.c.c.ModelConverterContextImpl - resolve [simple type, class java.lang.String]
2026-07-30 13:07:29.377 [http-nio-8081-exec-9] DEBUG i.s.v.c.c.ModelConverterContextImpl - resolve [simple type, class java.lang.Long]
2026-07-30 13:07:29.383 [http-nio-8081-exec-9] DEBUG i.s.v.c.c.ModelConverterContextImpl - resolve class java.lang.Long
2026-07-30 13:07:29.384 [http-nio-8081-exec-9] DEBUG i.s.v.c.c.ModelConverterContextImpl - resolve class java.lang.Long
2026-07-30 13:07:29.386 [http-nio-8081-exec-9] DEBUG i.s.v.c.c.ModelConverterContextImpl - resolve class java.lang.String
2026-07-30 13:07:29.388 [http-nio-8081-exec-9] DEBUG i.s.v.c.c.ModelConverterContextImpl - resolve class java.lang.String
2026-07-30 13:07:29.390 [http-nio-8081-exec-9] DEBUG i.s.v.c.c.ModelConverterContextImpl - resolve class java.lang.String
2026-07-30 13:07:29.391 [http-nio-8081-exec-9] DEBUG i.s.v.c.c.ModelConverterContextImpl - resolve class java.lang.String
2026-07-30 13:07:29.394 [http-nio-8081-exec-9] DEBUG i.s.v.c.c.ModelConverterContextImpl - resolve org.springframework.http.ResponseEntity<java.util.List<com.ticket_online.domain.cinemas.dto.response.ShowtimeResponse>>
2026-07-30 13:07:29.394 [http-nio-8081-exec-9] DEBUG i.s.v.c.c.ModelConverterContextImpl - resolve [collection type; class java.util.List, contains [simple type, class com.ticket_online.domain.cinemas.dto.response.ShowtimeResponse]]
2026-07-30 13:07:29.394 [http-nio-8081-exec-9] DEBUG i.s.v.c.c.ModelConverterContextImpl - resolve [simple type, class com.ticket_online.domain.cinemas.dto.response.ShowtimeResponse]
2026-07-30 13:07:29.397 [http-nio-8081-exec-9] DEBUG i.s.v.c.c.ModelConverterContextImpl - resolve [simple type, class java.lang.Long]
2026-07-30 13:07:29.399 [http-nio-8081-exec-9] DEBUG i.s.v.c.c.ModelConverterContextImpl - resolve [simple type, class java.lang.String]
2026-07-30 13:07:29.401 [http-nio-8081-exec-9] DEBUG i.s.v.c.c.ModelConverterContextImpl - resolve [simple type, class java.lang.Integer]
2026-07-30 13:07:29.408 [http-nio-8081-exec-9] DEBUG i.s.v.c.c.ModelConverterContextImpl - resolve [simple type, class java.time.LocalDateTime]
2026-07-30 13:07:29.410 [http-nio-8081-exec-9] DEBUG i.s.v.c.c.ModelConverterContextImpl - resolve [simple type, class java.math.BigDecimal]
2026-07-30 13:07:29.411 [http-nio-8081-exec-9] DEBUG i.s.v.c.c.ModelConverterContextImpl - resolve [simple type, class com.ticket_online.domain.showtimes.domain.ShowtimeStatus]
2026-07-30 13:07:29.415 [http-nio-8081-exec-9] DEBUG i.s.v.c.c.ModelConverterContextImpl - resolve class java.lang.Long
2026-07-30 13:07:29.417 [http-nio-8081-exec-9] DEBUG i.s.v.c.c.ModelConverterContextImpl - resolve org.springframework.http.ResponseEntity<com.ticket_online.domain.showtimes.dto.response.ShowtimeSeatsResponse>
2026-07-30 13:07:29.417 [http-nio-8081-exec-9] DEBUG i.s.v.c.c.ModelConverterContextImpl - resolve [simple type, class com.ticket_online.domain.showtimes.dto.response.ShowtimeSeatsResponse]
2026-07-30 13:07:29.418 [http-nio-8081-exec-9] DEBUG i.s.v.c.c.ModelConverterContextImpl - resolve [simple type, class java.lang.Long]
2026-07-30 13:07:29.420 [http-nio-8081-exec-9] DEBUG i.s.v.c.c.ModelConverterContextImpl - resolve [collection type; class java.util.List, contains [simple type, class com.ticket_online.domain.seats.dto.response.SeatResponse]]
2026-07-30 13:07:29.420 [http-nio-8081-exec-9] DEBUG i.s.v.c.c.ModelConverterContextImpl - resolve [simple type, class com.ticket_online.domain.seats.dto.response.SeatResponse]
2026-07-30 13:07:29.422 [http-nio-8081-exec-9] DEBUG i.s.v.c.c.ModelConverterContextImpl - resolve [simple type, class java.lang.Long]
2026-07-30 13:07:29.422 [http-nio-8081-exec-9] DEBUG i.s.v.c.c.ModelConverterContextImpl - resolve [simple type, class java.lang.String]
2026-07-30 13:07:29.423 [http-nio-8081-exec-9] DEBUG i.s.v.c.c.ModelConverterContextImpl - resolve [simple type, class java.lang.Integer]
2026-07-30 13:07:29.424 [http-nio-8081-exec-9] DEBUG i.s.v.c.c.ModelConverterContextImpl - resolve [simple type, class com.ticket_online.domain.seats.domain.SeatType]
2026-07-30 13:07:29.425 [http-nio-8081-exec-9] DEBUG i.s.v.c.c.ModelConverterContextImpl - resolve [simple type, class com.ticket_online.domain.seats.domain.SeatStatus]
2026-07-30 13:07:29.427 [http-nio-8081-exec-9] DEBUG i.s.v.c.c.ModelConverterContextImpl - resolve java.util.Map<java.lang.String, java.lang.String>
2026-07-30 13:07:29.428 [http-nio-8081-exec-9] DEBUG i.s.v.c.c.ModelConverterContextImpl - resolve [simple type, class java.lang.String]
2026-07-30 13:07:29.429 [http-nio-8081-exec-9] DEBUG i.s.v.c.c.ModelConverterContextImpl - resolve class org.springframework.web.servlet.view.RedirectView
2026-07-30 13:07:29.438 [http-nio-8081-exec-9] DEBUG i.s.v.c.c.ModelConverterContextImpl - resolve [simple type, class org.springframework.context.ApplicationContext]
2026-07-30 13:07:29.449 [http-nio-8081-exec-9] DEBUG i.s.v.c.c.ModelConverterContextImpl - resolve [simple type, class java.lang.String]
2026-07-30 13:07:29.449 [http-nio-8081-exec-9] DEBUG i.s.v.c.c.ModelConverterContextImpl - resolve [simple type, class java.lang.String]
2026-07-30 13:07:29.450 [http-nio-8081-exec-9] DEBUG i.s.v.c.c.ModelConverterContextImpl - resolve [simple type, class org.springframework.beans.factory.config.AutowireCapableBeanFactory]
2026-07-30 13:07:29.451 [http-nio-8081-exec-9] DEBUG i.s.v.c.c.ModelConverterContextImpl - resolve [simple type, class long]
2026-07-30 13:07:29.452 [http-nio-8081-exec-9] DEBUG i.s.v.c.c.ModelConverterContextImpl - resolve [simple type, class org.springframework.core.env.Environment]
2026-07-30 13:07:29.453 [http-nio-8081-exec-9] DEBUG i.s.v.c.c.ModelConverterContextImpl - resolve [array type, component type: [simple type, class java.lang.String]]
2026-07-30 13:07:29.455 [http-nio-8081-exec-9] DEBUG i.s.v.c.c.ModelConverterContextImpl - resolve [simple type, class int]
2026-07-30 13:07:29.456 [http-nio-8081-exec-9] DEBUG i.s.v.c.c.ModelConverterContextImpl - resolve [simple type, class org.springframework.beans.factory.BeanFactory]
2026-07-30 13:07:29.457 [http-nio-8081-exec-9] DEBUG i.s.v.c.c.ModelConverterContextImpl - resolve [simple type, class java.lang.ClassLoader]
2026-07-30 13:07:29.460 [http-nio-8081-exec-9] DEBUG i.s.v.c.c.ModelConverterContextImpl - resolve [simple type, class boolean]
2026-07-30 13:07:29.465 [http-nio-8081-exec-9] DEBUG i.s.v.c.c.ModelConverterContextImpl - resolve [simple type, class java.lang.ClassLoader]
2026-07-30 13:07:29.468 [http-nio-8081-exec-9] DEBUG i.s.v.c.c.ModelConverterContextImpl - resolve [simple type, class java.lang.Module]
2026-07-30 13:07:29.470 [http-nio-8081-exec-9] DEBUG i.s.v.c.c.ModelConverterContextImpl - resolve [simple type, class java.lang.ClassLoader]
2026-07-30 13:07:29.481 [http-nio-8081-exec-9] DEBUG i.s.v.c.c.ModelConverterContextImpl - resolve [array type, component type: [simple type, class java.lang.Package]]
2026-07-30 13:07:29.481 [http-nio-8081-exec-9] DEBUG i.s.v.c.c.ModelConverterContextImpl - resolve [simple type, class java.lang.Package]
2026-07-30 13:07:29.488 [http-nio-8081-exec-9] DEBUG i.s.v.c.c.ModelConverterContextImpl - resolve [array type, component type: [simple type, class java.lang.annotation.Annotation]]
2026-07-30 13:07:29.488 [http-nio-8081-exec-9] DEBUG i.s.v.c.c.ModelConverterContextImpl - resolve [simple type, class java.lang.annotation.Annotation]
2026-07-30 13:07:29.504 [http-nio-8081-exec-9] DEBUG i.s.v.c.c.ModelConverterContextImpl - resolve [simple type, class java.lang.module.ModuleDescriptor]
2026-07-30 13:07:29.520 [http-nio-8081-exec-9] DEBUG i.s.v.c.c.ModelConverterContextImpl - resolve [collection type; class java.util.Set, contains [simple type, class java.lang.String]]
2026-07-30 13:07:29.521 [http-nio-8081-exec-9] DEBUG i.s.v.c.c.ModelConverterContextImpl - resolve [simple type, class java.lang.ModuleLayer]
2026-07-30 13:07:29.547 [http-nio-8081-exec-9] DEBUG i.s.v.c.c.ModelConverterContextImpl - resolve [simple type, class jakarta.servlet.ServletContext]
2026-07-30 13:07:29.550 [http-nio-8081-exec-9] DEBUG i.s.v.c.c.ModelConverterContextImpl - resolve [map type; class java.util.Map, [simple type, class java.lang.String] -> [simple type, class jakarta.servlet.ServletRegistration]]
2026-07-30 13:07:29.551 [http-nio-8081-exec-9] DEBUG i.s.v.c.c.ModelConverterContextImpl - resolve [simple type, class jakarta.servlet.ServletRegistration]
2026-07-30 13:07:29.551 [http-nio-8081-exec-9] DEBUG i.s.v.c.c.ModelConverterContextImpl - resolve [collection type; class java.util.Collection, contains [simple type, class java.lang.String]]
2026-07-30 13:07:29.552 [http-nio-8081-exec-9] DEBUG i.s.v.c.c.ModelConverterContextImpl - resolve [map type; class java.util.Map, [simple type, class java.lang.String] -> [simple type, class java.lang.String]]
2026-07-30 13:07:29.558 [http-nio-8081-exec-9] DEBUG i.s.v.c.c.ModelConverterContextImpl - resolve [map type; class java.util.Map, [simple type, class java.lang.String] -> [simple type, class jakarta.servlet.FilterRegistration]]
2026-07-30 13:07:29.559 [http-nio-8081-exec-9] DEBUG i.s.v.c.c.ModelConverterContextImpl - resolve [simple type, class jakarta.servlet.FilterRegistration]
2026-07-30 13:07:29.561 [http-nio-8081-exec-9] DEBUG i.s.v.c.c.ModelConverterContextImpl - resolve [simple type, class jakarta.servlet.SessionCookieConfig]
2026-07-30 13:07:29.564 [http-nio-8081-exec-9] DEBUG i.s.v.c.c.ModelConverterContextImpl - resolve [simple type, class java.lang.String]
2026-07-30 13:07:29.565 [http-nio-8081-exec-9] DEBUG i.s.v.c.c.ModelConverterContextImpl - resolve [simple type, class java.util.Enumeration<java.lang.String>]
2026-07-30 13:07:29.568 [http-nio-8081-exec-9] DEBUG i.s.v.c.c.ModelConverterContextImpl - resolve [collection type; class java.util.Set, contains [simple type, class jakarta.servlet.SessionTrackingMode]]
2026-07-30 13:07:29.568 [http-nio-8081-exec-9] DEBUG i.s.v.c.c.ModelConverterContextImpl - resolve [simple type, class jakarta.servlet.SessionTrackingMode]
2026-07-30 13:07:29.570 [http-nio-8081-exec-9] DEBUG i.s.v.c.c.ModelConverterContextImpl - resolve [simple type, class jakarta.servlet.descriptor.JspConfigDescriptor]
2026-07-30 13:07:29.572 [http-nio-8081-exec-9] DEBUG i.s.v.c.c.ModelConverterContextImpl - resolve [collection type; class java.util.Collection, contains [simple type, class jakarta.servlet.descriptor.JspPropertyGroupDescriptor]]
2026-07-30 13:07:29.572 [http-nio-8081-exec-9] DEBUG i.s.v.c.c.ModelConverterContextImpl - resolve [simple type, class jakarta.servlet.descriptor.JspPropertyGroupDescriptor]
2026-07-30 13:07:29.576 [http-nio-8081-exec-9] DEBUG i.s.v.c.c.ModelConverterContextImpl - resolve [collection type; class java.util.Collection, contains [simple type, class jakarta.servlet.descriptor.TaglibDescriptor]]
2026-07-30 13:07:29.577 [http-nio-8081-exec-9] DEBUG i.s.v.c.c.ModelConverterContextImpl - resolve [simple type, class jakarta.servlet.descriptor.TaglibDescriptor]
2026-07-30 13:07:29.584 [http-nio-8081-exec-9] DEBUG i.s.v.c.c.ModelConverterContextImpl - resolve [map type; class java.util.Map, [simple type, class java.lang.String] -> [simple type, class java.lang.Object]]
2026-07-30 13:07:29.584 [http-nio-8081-exec-9] DEBUG i.s.v.c.c.ModelConverterContextImpl - resolve [simple type, class java.lang.Object]
2026-07-30 13:07:29.592 [http-nio-8081-exec-9] DEBUG i.s.v.c.c.ModelConverterContextImpl - resolve [simple type, class org.springframework.http.HttpStatusCode]
2026-07-30 13:07:29.597 [http-nio-8081-exec-9] DEBUG i.s.v.c.c.ModelConverterContextImpl - resolve [array type, component type: [simple type, class java.lang.String]]
2026-07-30 13:07:29.601 [http-nio-8081-exec-9] DEBUG i.s.v.c.c.ModelConverterContextImpl - resolve [map type; class java.util.Properties, [simple type, class java.lang.String] -> [simple type, class java.lang.String]]
2026-07-30 13:07:29.604 [http-nio-8081-exec-9] DEBUG i.s.v.c.c.ModelConverterContextImpl - resolve class com.ticket_online.domain.movies.domain.MovieStatus
2026-07-30 13:07:29.606 [http-nio-8081-exec-9] DEBUG i.s.v.c.c.ModelConverterContextImpl - resolve class java.lang.String
2026-07-30 13:07:29.607 [http-nio-8081-exec-9] DEBUG i.s.v.c.c.ModelConverterContextImpl - resolve class java.lang.String
2026-07-30 13:07:29.608 [http-nio-8081-exec-9] DEBUG i.s.v.c.c.ModelConverterContextImpl - resolve org.springframework.http.ResponseEntity<com.ticket_online.domain.movies.dto.MovieListResponse>
2026-07-30 13:07:29.608 [http-nio-8081-exec-9] DEBUG i.s.v.c.c.ModelConverterContextImpl - resolve [simple type, class com.ticket_online.domain.movies.dto.MovieListResponse]
2026-07-30 13:07:29.610 [http-nio-8081-exec-9] DEBUG i.s.v.c.c.ModelConverterContextImpl - resolve [collection type; class java.util.List, contains [simple type, class com.ticket_online.domain.movies.dto.MovieResponse]]
2026-07-30 13:07:29.611 [http-nio-8081-exec-9] DEBUG i.s.v.c.c.ModelConverterContextImpl - resolve [simple type, class com.ticket_online.domain.movies.dto.MovieResponse]
2026-07-30 13:07:29.618 [http-nio-8081-exec-9] DEBUG i.s.v.c.c.ModelConverterContextImpl - resolve [simple type, class java.lang.Long]
2026-07-30 13:07:29.622 [http-nio-8081-exec-9] DEBUG i.s.v.c.c.ModelConverterContextImpl - resolve [simple type, class java.lang.String]
2026-07-30 13:07:29.624 [http-nio-8081-exec-9] DEBUG i.s.v.c.c.ModelConverterContextImpl - resolve [simple type, class java.lang.Integer]
2026-07-30 13:07:29.627 [http-nio-8081-exec-9] DEBUG i.s.v.c.c.ModelConverterContextImpl - resolve [simple type, class java.lang.String]
2026-07-30 13:07:29.630 [http-nio-8081-exec-9] DEBUG i.s.v.c.c.ModelConverterContextImpl - resolve [simple type, class java.lang.String]
2026-07-30 13:07:29.633 [http-nio-8081-exec-9] DEBUG i.s.v.c.c.ModelConverterContextImpl - resolve [simple type, class java.lang.String]
2026-07-30 13:07:29.635 [http-nio-8081-exec-9] DEBUG i.s.v.c.c.ModelConverterContextImpl - resolve [simple type, class java.lang.String]
2026-07-30 13:07:29.638 [http-nio-8081-exec-9] DEBUG i.s.v.c.c.ModelConverterContextImpl - resolve [simple type, class java.lang.String]
2026-07-30 13:07:29.640 [http-nio-8081-exec-9] DEBUG i.s.v.c.c.ModelConverterContextImpl - resolve [simple type, class java.time.LocalDate]
2026-07-30 13:07:29.720 [http-nio-8081-exec-9] DEBUG i.s.v.c.c.ModelConverterContextImpl - resolve [simple type, class java.lang.String]
2026-07-30 13:07:29.722 [http-nio-8081-exec-9] DEBUG i.s.v.c.c.ModelConverterContextImpl - resolve [simple type, class java.lang.String]
2026-07-30 13:07:29.723 [http-nio-8081-exec-9] DEBUG i.s.v.c.c.ModelConverterContextImpl - resolve [simple type, class com.ticket_online.domain.movies.domain.MovieStatus]
2026-07-30 13:07:29.724 [http-nio-8081-exec-9] DEBUG i.s.v.c.c.ModelConverterContextImpl - resolve [simple type, class int]
2026-07-30 13:07:29.726 [http-nio-8081-exec-9] DEBUG i.s.v.c.c.ModelConverterContextImpl - resolve [simple type, class int]
2026-07-30 13:07:29.727 [http-nio-8081-exec-9] DEBUG i.s.v.c.c.ModelConverterContextImpl - resolve [simple type, class long]
2026-07-30 13:07:29.728 [http-nio-8081-exec-9] DEBUG i.s.v.c.c.ModelConverterContextImpl - resolve [simple type, class int]
2026-07-30 13:07:29.730 [http-nio-8081-exec-9] DEBUG i.s.v.c.c.ModelConverterContextImpl - resolve class java.lang.Long
2026-07-30 13:07:29.732 [http-nio-8081-exec-9] DEBUG i.s.v.c.c.ModelConverterContextImpl - resolve org.springframework.http.ResponseEntity<com.ticket_online.domain.movies.dto.MovieResponse>
2026-07-30 13:07:29.732 [http-nio-8081-exec-9] DEBUG i.s.v.c.c.ModelConverterContextImpl - resolve [simple type, class com.ticket_online.domain.movies.dto.MovieResponse]
2026-07-30 13:07:29.733 [http-nio-8081-exec-9] DEBUG i.s.v.c.c.ModelConverterContextImpl - resolve [simple type, class java.lang.Long]
2026-07-30 13:07:29.735 [http-nio-8081-exec-9] DEBUG i.s.v.c.c.ModelConverterContextImpl - resolve [simple type, class java.lang.String]
2026-07-30 13:07:29.736 [http-nio-8081-exec-9] DEBUG i.s.v.c.c.ModelConverterContextImpl - resolve [simple type, class java.lang.Integer]
2026-07-30 13:07:29.737 [http-nio-8081-exec-9] DEBUG i.s.v.c.c.ModelConverterContextImpl - resolve [simple type, class java.lang.String]
2026-07-30 13:07:29.738 [http-nio-8081-exec-9] DEBUG i.s.v.c.c.ModelConverterContextImpl - resolve [simple type, class java.lang.String]
2026-07-30 13:07:29.739 [http-nio-8081-exec-9] DEBUG i.s.v.c.c.ModelConverterContextImpl - resolve [simple type, class java.lang.String]
2026-07-30 13:07:29.741 [http-nio-8081-exec-9] DEBUG i.s.v.c.c.ModelConverterContextImpl - resolve [simple type, class java.lang.String]
2026-07-30 13:07:29.742 [http-nio-8081-exec-9] DEBUG i.s.v.c.c.ModelConverterContextImpl - resolve [simple type, class java.lang.String]
2026-07-30 13:07:29.743 [http-nio-8081-exec-9] DEBUG i.s.v.c.c.ModelConverterContextImpl - resolve [simple type, class java.time.LocalDate]
2026-07-30 13:07:29.745 [http-nio-8081-exec-9] DEBUG i.s.v.c.c.ModelConverterContextImpl - resolve [simple type, class java.lang.String]
2026-07-30 13:07:29.746 [http-nio-8081-exec-9] DEBUG i.s.v.c.c.ModelConverterContextImpl - resolve [simple type, class java.lang.String]
2026-07-30 13:07:29.747 [http-nio-8081-exec-9] DEBUG i.s.v.c.c.ModelConverterContextImpl - resolve [simple type, class com.ticket_online.domain.movies.domain.MovieStatus]
2026-07-30 13:07:29.749 [http-nio-8081-exec-9] DEBUG i.s.v.c.c.ModelConverterContextImpl - resolve class java.lang.String
2026-07-30 13:07:29.751 [http-nio-8081-exec-9] DEBUG i.s.v.c.c.ModelConverterContextImpl - resolve org.springframework.http.ResponseEntity<com.ticket_online.domain.movies.dto.MovieListResponse>
2026-07-30 13:07:29.751 [http-nio-8081-exec-9] DEBUG i.s.v.c.c.ModelConverterContextImpl - resolve [simple type, class com.ticket_online.domain.movies.dto.MovieListResponse]
2026-07-30 13:07:29.752 [http-nio-8081-exec-9] DEBUG i.s.v.c.c.ModelConverterContextImpl - resolve [collection type; class java.util.List, contains [simple type, class com.ticket_online.domain.movies.dto.MovieResponse]]
2026-07-30 13:07:29.752 [http-nio-8081-exec-9] DEBUG i.s.v.c.c.ModelConverterContextImpl - resolve [simple type, class com.ticket_online.domain.movies.dto.MovieResponse]
2026-07-30 13:07:29.753 [http-nio-8081-exec-9] DEBUG i.s.v.c.c.ModelConverterContextImpl - resolve [simple type, class java.lang.Long]
2026-07-30 13:07:29.755 [http-nio-8081-exec-9] DEBUG i.s.v.c.c.ModelConverterContextImpl - resolve [simple type, class java.lang.String]
2026-07-30 13:07:29.756 [http-nio-8081-exec-9] DEBUG i.s.v.c.c.ModelConverterContextImpl - resolve [simple type, class java.lang.Integer]
2026-07-30 13:07:29.757 [http-nio-8081-exec-9] DEBUG i.s.v.c.c.ModelConverterContextImpl - resolve [simple type, class java.lang.String]
2026-07-30 13:07:29.758 [http-nio-8081-exec-9] DEBUG i.s.v.c.c.ModelConverterContextImpl - resolve [simple type, class java.lang.String]
2026-07-30 13:07:29.759 [http-nio-8081-exec-9] DEBUG i.s.v.c.c.ModelConverterContextImpl - resolve [simple type, class java.lang.String]
2026-07-30 13:07:29.760 [http-nio-8081-exec-9] DEBUG i.s.v.c.c.ModelConverterContextImpl - resolve [simple type, class java.lang.String]
2026-07-30 13:07:29.762 [http-nio-8081-exec-9] DEBUG i.s.v.c.c.ModelConverterContextImpl - resolve [simple type, class java.lang.String]
2026-07-30 13:07:29.763 [http-nio-8081-exec-9] DEBUG i.s.v.c.c.ModelConverterContextImpl - resolve [simple type, class java.time.LocalDate]
2026-07-30 13:07:29.765 [http-nio-8081-exec-9] DEBUG i.s.v.c.c.ModelConverterContextImpl - resolve [simple type, class java.lang.String]
2026-07-30 13:07:29.766 [http-nio-8081-exec-9] DEBUG i.s.v.c.c.ModelConverterContextImpl - resolve [simple type, class java.lang.String]
2026-07-30 13:07:29.767 [http-nio-8081-exec-9] DEBUG i.s.v.c.c.ModelConverterContextImpl - resolve [simple type, class com.ticket_online.domain.movies.domain.MovieStatus]
2026-07-30 13:07:29.768 [http-nio-8081-exec-9] DEBUG i.s.v.c.c.ModelConverterContextImpl - resolve [simple type, class int]
2026-07-30 13:07:29.769 [http-nio-8081-exec-9] DEBUG i.s.v.c.c.ModelConverterContextImpl - resolve [simple type, class int]
2026-07-30 13:07:29.771 [http-nio-8081-exec-9] DEBUG i.s.v.c.c.ModelConverterContextImpl - resolve [simple type, class long]
2026-07-30 13:07:29.772 [http-nio-8081-exec-9] DEBUG i.s.v.c.c.ModelConverterContextImpl - resolve [simple type, class int]
2026-07-30 13:07:29.774 [http-nio-8081-exec-9] DEBUG i.s.v.c.c.ModelConverterContextImpl - resolve int
2026-07-30 13:07:29.775 [http-nio-8081-exec-9] DEBUG i.s.v.c.c.ModelConverterContextImpl - resolve int
2026-07-30 13:07:29.776 [http-nio-8081-exec-9] DEBUG i.s.v.c.c.ModelConverterContextImpl - resolve class java.lang.String
2026-07-30 13:07:29.777 [http-nio-8081-exec-9] DEBUG i.s.v.c.c.ModelConverterContextImpl - resolve class java.lang.String
2026-07-30 13:07:29.778 [http-nio-8081-exec-9] DEBUG i.s.v.c.c.ModelConverterContextImpl - resolve class java.lang.String
2026-07-30 13:07:29.779 [http-nio-8081-exec-9] DEBUG i.s.v.c.c.ModelConverterContextImpl - resolve org.springframework.http.ResponseEntity<com.ticket_online.domain.cinemas.dto.response.CinemaListResponse>
2026-07-30 13:07:29.779 [http-nio-8081-exec-9] DEBUG i.s.v.c.c.ModelConverterContextImpl - resolve [simple type, class com.ticket_online.domain.cinemas.dto.response.CinemaListResponse]
2026-07-30 13:07:29.781 [http-nio-8081-exec-9] DEBUG i.s.v.c.c.ModelConverterContextImpl - resolve [collection type; class java.util.List, contains [simple type, class com.ticket_online.domain.cinemas.dto.response.CinemaResponse]]
2026-07-30 13:07:29.782 [http-nio-8081-exec-9] DEBUG i.s.v.c.c.ModelConverterContextImpl - resolve [simple type, class com.ticket_online.domain.cinemas.dto.response.CinemaResponse]
2026-07-30 13:07:29.784 [http-nio-8081-exec-9] DEBUG i.s.v.c.c.ModelConverterContextImpl - resolve [simple type, class java.lang.Long]
2026-07-30 13:07:29.786 [http-nio-8081-exec-9] DEBUG i.s.v.c.c.ModelConverterContextImpl - resolve [simple type, class java.lang.String]
2026-07-30 13:07:29.787 [http-nio-8081-exec-9] DEBUG i.s.v.c.c.ModelConverterContextImpl - resolve [simple type, class java.lang.String]
2026-07-30 13:07:29.788 [http-nio-8081-exec-9] DEBUG i.s.v.c.c.ModelConverterContextImpl - resolve [simple type, class java.lang.String]
2026-07-30 13:07:29.790 [http-nio-8081-exec-9] DEBUG i.s.v.c.c.ModelConverterContextImpl - resolve [simple type, class java.lang.String]
2026-07-30 13:07:29.791 [http-nio-8081-exec-9] DEBUG i.s.v.c.c.ModelConverterContextImpl - resolve [simple type, class java.lang.String]
2026-07-30 13:07:29.792 [http-nio-8081-exec-9] DEBUG i.s.v.c.c.ModelConverterContextImpl - resolve [simple type, class java.lang.String]
2026-07-30 13:07:29.793 [http-nio-8081-exec-9] DEBUG i.s.v.c.c.ModelConverterContextImpl - resolve [simple type, class java.lang.String]
2026-07-30 13:07:29.795 [http-nio-8081-exec-9] DEBUG i.s.v.c.c.ModelConverterContextImpl - resolve [simple type, class java.lang.String]
2026-07-30 13:07:29.796 [http-nio-8081-exec-9] DEBUG i.s.v.c.c.ModelConverterContextImpl - resolve [simple type, class java.lang.String]
2026-07-30 13:07:29.797 [http-nio-8081-exec-9] DEBUG i.s.v.c.c.ModelConverterContextImpl - resolve [simple type, class java.lang.Integer]
2026-07-30 13:07:29.799 [http-nio-8081-exec-9] DEBUG i.s.v.c.c.ModelConverterContextImpl - resolve [simple type, class java.time.LocalDateTime]
2026-07-30 13:07:29.800 [http-nio-8081-exec-9] DEBUG i.s.v.c.c.ModelConverterContextImpl - resolve [simple type, class java.time.LocalDateTime]
2026-07-30 13:07:29.801 [http-nio-8081-exec-9] DEBUG i.s.v.c.c.ModelConverterContextImpl - resolve [simple type, class int]
2026-07-30 13:07:29.802 [http-nio-8081-exec-9] DEBUG i.s.v.c.c.ModelConverterContextImpl - resolve [simple type, class int]
2026-07-30 13:07:29.803 [http-nio-8081-exec-9] DEBUG i.s.v.c.c.ModelConverterContextImpl - resolve [simple type, class long]
2026-07-30 13:07:29.805 [http-nio-8081-exec-9] DEBUG i.s.v.c.c.ModelConverterContextImpl - resolve [simple type, class int]
2026-07-30 13:07:29.807 [http-nio-8081-exec-9] DEBUG i.s.v.c.c.ModelConverterContextImpl - resolve class java.lang.Long
2026-07-30 13:07:29.808 [http-nio-8081-exec-9] DEBUG i.s.v.c.c.ModelConverterContextImpl - resolve org.springframework.http.ResponseEntity<com.ticket_online.domain.cinemas.dto.response.CinemaResponse>
2026-07-30 13:07:29.808 [http-nio-8081-exec-9] DEBUG i.s.v.c.c.ModelConverterContextImpl - resolve [simple type, class com.ticket_online.domain.cinemas.dto.response.CinemaResponse]
2026-07-30 13:07:29.809 [http-nio-8081-exec-9] DEBUG i.s.v.c.c.ModelConverterContextImpl - resolve [simple type, class java.lang.Long]
2026-07-30 13:07:29.811 [http-nio-8081-exec-9] DEBUG i.s.v.c.c.ModelConverterContextImpl - resolve [simple type, class java.lang.String]
2026-07-30 13:07:29.812 [http-nio-8081-exec-9] DEBUG i.s.v.c.c.ModelConverterContextImpl - resolve [simple type, class java.lang.String]
2026-07-30 13:07:29.813 [http-nio-8081-exec-9] DEBUG i.s.v.c.c.ModelConverterContextImpl - resolve [simple type, class java.lang.String]
2026-07-30 13:07:29.814 [http-nio-8081-exec-9] DEBUG i.s.v.c.c.ModelConverterContextImpl - resolve [simple type, class java.lang.String]
2026-07-30 13:07:29.816 [http-nio-8081-exec-9] DEBUG i.s.v.c.c.ModelConverterContextImpl - resolve [simple type, class java.lang.String]
2026-07-30 13:07:29.817 [http-nio-8081-exec-9] DEBUG i.s.v.c.c.ModelConverterContextImpl - resolve [simple type, class java.lang.String]
2026-07-30 13:07:29.818 [http-nio-8081-exec-9] DEBUG i.s.v.c.c.ModelConverterContextImpl - resolve [simple type, class java.lang.String]
2026-07-30 13:07:29.819 [http-nio-8081-exec-9] DEBUG i.s.v.c.c.ModelConverterContextImpl - resolve [simple type, class java.lang.String]
2026-07-30 13:07:29.821 [http-nio-8081-exec-9] DEBUG i.s.v.c.c.ModelConverterContextImpl - resolve [simple type, class java.lang.String]
2026-07-30 13:07:29.822 [http-nio-8081-exec-9] DEBUG i.s.v.c.c.ModelConverterContextImpl - resolve [simple type, class java.lang.Integer]
2026-07-30 13:07:29.823 [http-nio-8081-exec-9] DEBUG i.s.v.c.c.ModelConverterContextImpl - resolve [simple type, class java.time.LocalDateTime]
2026-07-30 13:07:29.824 [http-nio-8081-exec-9] DEBUG i.s.v.c.c.ModelConverterContextImpl - resolve [simple type, class java.time.LocalDateTime]
2026-07-30 13:07:29.826 [http-nio-8081-exec-9] DEBUG i.s.v.c.c.ModelConverterContextImpl - resolve class java.lang.Long
2026-07-30 13:07:29.827 [http-nio-8081-exec-9] DEBUG i.s.v.c.c.ModelConverterContextImpl - resolve class java.lang.Long
2026-07-30 13:07:29.828 [http-nio-8081-exec-9] DEBUG i.s.v.c.c.ModelConverterContextImpl - resolve class java.lang.String
2026-07-30 13:07:29.829 [http-nio-8081-exec-9] DEBUG i.s.v.c.c.ModelConverterContextImpl - resolve class java.lang.String
2026-07-30 13:07:29.829 [http-nio-8081-exec-9] DEBUG i.s.v.c.c.ModelConverterContextImpl - resolve class java.lang.String
2026-07-30 13:07:29.831 [http-nio-8081-exec-9] DEBUG i.s.v.c.c.ModelConverterContextImpl - resolve org.springframework.http.ResponseEntity<java.lang.Object>
2026-07-30 13:07:29.831 [http-nio-8081-exec-9] DEBUG i.s.v.c.c.ModelConverterContextImpl - resolve [simple type, class java.lang.Object]
2026-07-30 13:07:29.833 [http-nio-8081-exec-9] DEBUG i.s.v.c.c.ModelConverterContextImpl - resolve class com.ticket_online.domain.bookings.domain.BookingStatus
2026-07-30 13:07:29.835 [http-nio-8081-exec-9] DEBUG i.s.v.c.c.ModelConverterContextImpl - resolve interface org.springframework.data.domain.Pageable
2026-07-30 13:07:29.835 [http-nio-8081-exec-9] DEBUG i.s.v.c.c.ModelConverterContextImpl - resolve class org.springdoc.core.converters.models.Pageable
2026-07-30 13:07:29.837 [http-nio-8081-exec-9] DEBUG i.s.v.c.c.ModelConverterContextImpl - resolve [simple type, class java.lang.Integer]
2026-07-30 13:07:29.840 [http-nio-8081-exec-9] DEBUG i.s.v.c.c.ModelConverterContextImpl - resolve [simple type, class java.lang.Integer]
2026-07-30 13:07:29.841 [http-nio-8081-exec-9] DEBUG i.s.v.c.c.ModelConverterContextImpl - resolve [collection type; class java.util.List, contains [simple type, class java.lang.String]]
2026-07-30 13:07:29.842 [http-nio-8081-exec-9] DEBUG i.s.v.c.c.ModelConverterContextImpl - resolve [simple type, class java.lang.String]
2026-07-30 13:07:29.847 [http-nio-8081-exec-9] DEBUG i.s.v.c.c.ModelConverterContextImpl - resolve org.springframework.http.ResponseEntity<org.springframework.data.domain.Page<com.ticket_online.domain.bookings.dto.response.BookingListResponse>>
2026-07-30 13:07:29.847 [http-nio-8081-exec-9] DEBUG i.s.v.c.c.ModelConverterContextImpl - resolve [simple type, class org.springframework.data.domain.Page<com.ticket_online.domain.bookings.dto.response.BookingListResponse>]
2026-07-30 13:07:29.850 [http-nio-8081-exec-9] DEBUG i.s.v.c.c.ModelConverterContextImpl - resolve [simple type, class long]
2026-07-30 13:07:29.851 [http-nio-8081-exec-9] DEBUG i.s.v.c.c.ModelConverterContextImpl - resolve [simple type, class int]
2026-07-30 13:07:29.852 [http-nio-8081-exec-9] DEBUG i.s.v.c.c.ModelConverterContextImpl - resolve [simple type, class org.springframework.data.domain.Pageable]
2026-07-30 13:07:29.853 [http-nio-8081-exec-9] DEBUG i.s.v.c.c.ModelConverterContextImpl - resolve [simple type, class boolean]
2026-07-30 13:07:29.854 [http-nio-8081-exec-9] DEBUG i.s.v.c.c.ModelConverterContextImpl - resolve [simple type, class org.springframework.data.domain.Sort]
2026-07-30 13:07:29.855 [http-nio-8081-exec-9] DEBUG i.s.v.c.c.ModelConverterContextImpl - resolve class org.springdoc.core.converters.models.SortObject
2026-07-30 13:07:29.856 [http-nio-8081-exec-9] DEBUG i.s.v.c.c.ModelConverterContextImpl - resolve [simple type, class java.lang.String]
2026-07-30 13:07:29.857 [http-nio-8081-exec-9] DEBUG i.s.v.c.c.ModelConverterContextImpl - resolve [simple type, class boolean]
2026-07-30 13:07:29.861 [http-nio-8081-exec-9] DEBUG i.s.v.c.c.ModelConverterContextImpl - resolve [collection type; class java.util.List, contains [simple type, class com.ticket_online.domain.bookings.dto.response.BookingListResponse]]
2026-07-30 13:07:29.862 [http-nio-8081-exec-9] DEBUG i.s.v.c.c.ModelConverterContextImpl - resolve [simple type, class com.ticket_online.domain.bookings.dto.response.BookingListResponse]
2026-07-30 13:07:29.863 [http-nio-8081-exec-9] DEBUG i.s.v.c.c.ModelConverterContextImpl - resolve [simple type, class java.lang.Long]
2026-07-30 13:07:29.863 [http-nio-8081-exec-9] DEBUG i.s.v.c.c.ModelConverterContextImpl - resolve [simple type, class java.lang.String]
2026-07-30 13:07:29.865 [http-nio-8081-exec-9] DEBUG i.s.v.c.c.ModelConverterContextImpl - resolve [simple type, class java.time.LocalDateTime]
2026-07-30 13:07:29.866 [http-nio-8081-exec-9] DEBUG i.s.v.c.c.ModelConverterContextImpl - resolve [simple type, class java.lang.Integer]
2026-07-30 13:07:29.866 [http-nio-8081-exec-9] DEBUG i.s.v.c.c.ModelConverterContextImpl - resolve [simple type, class java.math.BigDecimal]
2026-07-30 13:07:29.867 [http-nio-8081-exec-9] DEBUG i.s.v.c.c.ModelConverterContextImpl - resolve [simple type, class com.ticket_online.domain.bookings.domain.BookingStatus]
2026-07-30 13:07:29.873 [http-nio-8081-exec-9] DEBUG i.s.v.c.c.ModelConverterContextImpl - resolve class java.lang.Long
2026-07-30 13:07:29.875 [http-nio-8081-exec-9] DEBUG i.s.v.c.c.ModelConverterContextImpl - resolve org.springframework.http.ResponseEntity<com.ticket_online.domain.bookings.dto.response.BookingDetailResponse>
2026-07-30 13:07:29.875 [http-nio-8081-exec-9] DEBUG i.s.v.c.c.ModelConverterContextImpl - resolve [simple type, class com.ticket_online.domain.bookings.dto.response.BookingDetailResponse]
2026-07-30 13:07:29.877 [http-nio-8081-exec-9] DEBUG i.s.v.c.c.ModelConverterContextImpl - resolve [simple type, class java.lang.Long]
2026-07-30 13:07:29.878 [http-nio-8081-exec-9] DEBUG i.s.v.c.c.ModelConverterContextImpl - resolve [simple type, class java.lang.String]
2026-07-30 13:07:29.879 [http-nio-8081-exec-9] DEBUG i.s.v.c.c.ModelConverterContextImpl - resolve [simple type, class com.ticket_online.domain.bookings.dto.response.BookingDetailResponse$MovieInfo]
2026-07-30 13:07:29.880 [http-nio-8081-exec-9] DEBUG i.s.v.c.c.ModelConverterContextImpl - resolve [simple type, class java.lang.Integer]
2026-07-30 13:07:29.881 [http-nio-8081-exec-9] DEBUG i.s.v.c.c.ModelConverterContextImpl - resolve [simple type, class com.ticket_online.domain.bookings.dto.response.BookingDetailResponse$CinemaInfo]
2026-07-30 13:07:29.882 [http-nio-8081-exec-9] DEBUG i.s.v.c.c.ModelConverterContextImpl - resolve [simple type, class com.ticket_online.domain.bookings.dto.response.BookingDetailResponse$ScreenInfo]
2026-07-30 13:07:29.884 [http-nio-8081-exec-9] DEBUG i.s.v.c.c.ModelConverterContextImpl - resolve [simple type, class java.time.LocalDateTime]
2026-07-30 13:07:29.885 [http-nio-8081-exec-9] DEBUG i.s.v.c.c.ModelConverterContextImpl - resolve [collection type; class java.util.List, contains [simple type, class com.ticket_online.domain.bookings.dto.response.SeatDto]]
2026-07-30 13:07:29.885 [http-nio-8081-exec-9] DEBUG i.s.v.c.c.ModelConverterContextImpl - resolve [simple type, class com.ticket_online.domain.bookings.dto.response.SeatDto]
2026-07-30 13:07:29.886 [http-nio-8081-exec-9] DEBUG i.s.v.c.c.ModelConverterContextImpl - resolve [simple type, class com.ticket_online.domain.seats.domain.SeatType]
2026-07-30 13:07:29.886 [http-nio-8081-exec-9] DEBUG i.s.v.c.c.ModelConverterContextImpl - resolve [simple type, class java.math.BigDecimal]
2026-07-30 13:07:29.887 [http-nio-8081-exec-9] DEBUG i.s.v.c.c.ModelConverterContextImpl - resolve [simple type, class com.ticket_online.domain.bookings.domain.BookingStatus]
2026-07-30 13:07:29.891 [http-nio-8081-exec-9] DEBUG i.s.v.c.c.ModelConverterContextImpl - resolve class java.lang.Long
2026-07-30 13:07:29.900 [http-nio-8081-exec-9] INFO  o.s.api.AbstractOpenApiResource - Init duration for springdoc-openapi is: 1063 ms
2026-07-30 13:07:29.936 [http-nio-8081-exec-9] DEBUG o.s.w.s.m.m.a.RequestResponseBodyMethodProcessor - Using 'application/json', given [application/json, */*] and supported [application/json]
2026-07-30 13:07:29.943 [http-nio-8081-exec-9] DEBUG o.s.w.s.m.m.a.RequestResponseBodyMethodProcessor - Writing [{123, 34, 111, 112, 101, 110, 97, 112, 105, 34, 58, 34, 51, 46, 48, 46, 49, 34, 44, 34, 105, 110, 10 (truncated)...]
2026-07-30 13:07:29.944 [http-nio-8081-exec-9] DEBUG o.s.web.servlet.DispatcherServlet - Completed 200 OK
2026-07-30 13:08:28.731 [scheduling-1] DEBUG org.hibernate.SQL - select b1_0.id,b1_0.booking_code,b1_0.confirmed_at,b1_0.created_at,b1_0.expires_at,b1_0.showtime_id,b1_0.status,b1_0.total_amount,b1_0.updated_at,b1_0.user_id from bookings b1_0 where b1_0.status='PENDING' and b1_0.expires_at<? order by b1_0.expires_at
2026-07-30 13:08:28.867 [http-nio-8081-exec-10] DEBUG o.a.coyote.http11.Http11Processor - Error parsing HTTP request header
java.io.EOFException: null
	at org.apache.tomcat.util.net.NioEndpoint$NioSocketWrapper.fillReadBuffer(NioEndpoint.java:1293)
	at org.apache.tomcat.util.net.NioEndpoint$NioSocketWrapper.read(NioEndpoint.java:1181)
	at org.apache.coyote.http11.Http11InputBuffer.fill(Http11InputBuffer.java:792)
	at org.apache.coyote.http11.Http11InputBuffer.parseRequestLine(Http11InputBuffer.java:348)
	at org.apache.coyote.http11.Http11Processor.service(Http11Processor.java:270)
	at org.apache.coyote.AbstractProcessorLight.process(AbstractProcessorLight.java:63)
	at org.apache.coyote.AbstractProtocol$ConnectionHandler.process(AbstractProtocol.java:905)
	at org.apache.tomcat.util.net.NioEndpoint$SocketProcessor.doRun(NioEndpoint.java:1741)
	at org.apache.tomcat.util.net.SocketProcessorBase.run(SocketProcessorBase.java:52)
	at org.apache.tomcat.util.threads.ThreadPoolExecutor.runWorker(ThreadPoolExecutor.java:1190)
	at org.apache.tomcat.util.threads.ThreadPoolExecutor$Worker.run(ThreadPoolExecutor.java:659)
	at org.apache.tomcat.util.threads.TaskThread$WrappingRunnable.run(TaskThread.java:63)
	at java.base/java.lang.Thread.run(Thread.java:840)
2026-07-30 13:08:28.867 [http-nio-8081-exec-4] DEBUG o.a.coyote.http11.Http11Processor - Error parsing HTTP request header
java.io.EOFException: null
	at org.apache.tomcat.util.net.NioEndpoint$NioSocketWrapper.fillReadBuffer(NioEndpoint.java:1293)
	at org.apache.tomcat.util.net.NioEndpoint$NioSocketWrapper.read(NioEndpoint.java:1181)
	at org.apache.coyote.http11.Http11InputBuffer.fill(Http11InputBuffer.java:792)
	at org.apache.coyote.http11.Http11InputBuffer.parseRequestLine(Http11InputBuffer.java:348)
	at org.apache.coyote.http11.Http11Processor.service(Http11Processor.java:270)
	at org.apache.coyote.AbstractProcessorLight.process(AbstractProcessorLight.java:63)
	at org.apache.coyote.AbstractProtocol$ConnectionHandler.process(AbstractProtocol.java:905)
	at org.apache.tomcat.util.net.NioEndpoint$SocketProcessor.doRun(NioEndpoint.java:1741)
	at org.apache.tomcat.util.net.SocketProcessorBase.run(SocketProcessorBase.java:52)
	at org.apache.tomcat.util.threads.ThreadPoolExecutor.runWorker(ThreadPoolExecutor.java:1190)
	at org.apache.tomcat.util.threads.ThreadPoolExecutor$Worker.run(ThreadPoolExecutor.java:659)
	at org.apache.tomcat.util.threads.TaskThread$WrappingRunnable.run(TaskThread.java:63)
	at java.base/java.lang.Thread.run(Thread.java:840)
2026-07-30 13:08:28.867 [http-nio-8081-exec-1] DEBUG o.a.coyote.http11.Http11Processor - Error parsing HTTP request header
java.io.EOFException: null
	at org.apache.tomcat.util.net.NioEndpoint$NioSocketWrapper.fillReadBuffer(NioEndpoint.java:1293)
	at org.apache.tomcat.util.net.NioEndpoint$NioSocketWrapper.read(NioEndpoint.java:1181)
	at org.apache.coyote.http11.Http11InputBuffer.fill(Http11InputBuffer.java:792)
	at org.apache.coyote.http11.Http11InputBuffer.parseRequestLine(Http11InputBuffer.java:348)
	at org.apache.coyote.http11.Http11Processor.service(Http11Processor.java:270)
	at org.apache.coyote.AbstractProcessorLight.process(AbstractProcessorLight.java:63)
	at org.apache.coyote.AbstractProtocol$ConnectionHandler.process(AbstractProtocol.java:905)
	at org.apache.tomcat.util.net.NioEndpoint$SocketProcessor.doRun(NioEndpoint.java:1741)
	at org.apache.tomcat.util.net.SocketProcessorBase.run(SocketProcessorBase.java:52)
	at org.apache.tomcat.util.threads.ThreadPoolExecutor.runWorker(ThreadPoolExecutor.java:1190)
	at org.apache.tomcat.util.threads.ThreadPoolExecutor$Worker.run(ThreadPoolExecutor.java:659)
	at org.apache.tomcat.util.threads.TaskThread$WrappingRunnable.run(TaskThread.java:63)
	at java.base/java.lang.Thread.run(Thread.java:840)
2026-07-30 13:08:28.867 [http-nio-8081-exec-10] DEBUG o.a.coyote.http11.Http11Processor - Error state [CLOSE_CONNECTION_NOW] reported while processing request
java.io.EOFException: null
	at org.apache.tomcat.util.net.NioEndpoint$NioSocketWrapper.fillReadBuffer(NioEndpoint.java:1293)
	at org.apache.tomcat.util.net.NioEndpoint$NioSocketWrapper.read(NioEndpoint.java:1181)
	at org.apache.coyote.http11.Http11InputBuffer.fill(Http11InputBuffer.java:792)
	at org.apache.coyote.http11.Http11InputBuffer.parseRequestLine(Http11InputBuffer.java:348)
	at org.apache.coyote.http11.Http11Processor.service(Http11Processor.java:270)
	at org.apache.coyote.AbstractProcessorLight.process(AbstractProcessorLight.java:63)
	at org.apache.coyote.AbstractProtocol$ConnectionHandler.process(AbstractProtocol.java:905)
	at org.apache.tomcat.util.net.NioEndpoint$SocketProcessor.doRun(NioEndpoint.java:1741)
	at org.apache.tomcat.util.net.SocketProcessorBase.run(SocketProcessorBase.java:52)
	at org.apache.tomcat.util.threads.ThreadPoolExecutor.runWorker(ThreadPoolExecutor.java:1190)
	at org.apache.tomcat.util.threads.ThreadPoolExecutor$Worker.run(ThreadPoolExecutor.java:659)
	at org.apache.tomcat.util.threads.TaskThread$WrappingRunnable.run(TaskThread.java:63)
	at java.base/java.lang.Thread.run(Thread.java:840)
2026-07-30 13:08:28.867 [http-nio-8081-exec-4] DEBUG o.a.coyote.http11.Http11Processor - Error state [CLOSE_CONNECTION_NOW] reported while processing request
java.io.EOFException: null
	at org.apache.tomcat.util.net.NioEndpoint$NioSocketWrapper.fillReadBuffer(NioEndpoint.java:1293)
	at org.apache.tomcat.util.net.NioEndpoint$NioSocketWrapper.read(NioEndpoint.java:1181)
	at org.apache.coyote.http11.Http11InputBuffer.fill(Http11InputBuffer.java:792)
	at org.apache.coyote.http11.Http11InputBuffer.parseRequestLine(Http11InputBuffer.java:348)
	at org.apache.coyote.http11.Http11Processor.service(Http11Processor.java:270)
	at org.apache.coyote.AbstractProcessorLight.process(AbstractProcessorLight.java:63)
	at org.apache.coyote.AbstractProtocol$ConnectionHandler.process(AbstractProtocol.java:905)
	at org.apache.tomcat.util.net.NioEndpoint$SocketProcessor.doRun(NioEndpoint.java:1741)
	at org.apache.tomcat.util.net.SocketProcessorBase.run(SocketProcessorBase.java:52)
	at org.apache.tomcat.util.threads.ThreadPoolExecutor.runWorker(ThreadPoolExecutor.java:1190)
	at org.apache.tomcat.util.threads.ThreadPoolExecutor$Worker.run(ThreadPoolExecutor.java:659)
	at org.apache.tomcat.util.threads.TaskThread$WrappingRunnable.run(TaskThread.java:63)
	at java.base/java.lang.Thread.run(Thread.java:840)
2026-07-30 13:08:28.868 [http-nio-8081-exec-1] DEBUG o.a.coyote.http11.Http11Processor - Error state [CLOSE_CONNECTION_NOW] reported while processing request
java.io.EOFException: null
	at org.apache.tomcat.util.net.NioEndpoint$NioSocketWrapper.fillReadBuffer(NioEndpoint.java:1293)
	at org.apache.tomcat.util.net.NioEndpoint$NioSocketWrapper.read(NioEndpoint.java:1181)
	at org.apache.coyote.http11.Http11InputBuffer.fill(Http11InputBuffer.java:792)
	at org.apache.coyote.http11.Http11InputBuffer.parseRequestLine(Http11InputBuffer.java:348)
	at org.apache.coyote.http11.Http11Processor.service(Http11Processor.java:270)
	at org.apache.coyote.AbstractProcessorLight.process(AbstractProcessorLight.java:63)
	at org.apache.coyote.AbstractProtocol$ConnectionHandler.process(AbstractProtocol.java:905)
	at org.apache.tomcat.util.net.NioEndpoint$SocketProcessor.doRun(NioEndpoint.java:1741)
	at org.apache.tomcat.util.net.SocketProcessorBase.run(SocketProcessorBase.java:52)
	at org.apache.tomcat.util.threads.ThreadPoolExecutor.runWorker(ThreadPoolExecutor.java:1190)
	at org.apache.tomcat.util.threads.ThreadPoolExecutor$Worker.run(ThreadPoolExecutor.java:659)
	at org.apache.tomcat.util.threads.TaskThread$WrappingRunnable.run(TaskThread.java:63)
	at java.base/java.lang.Thread.run(Thread.java:840)
2026-07-30 13:08:28.870 [http-nio-8081-exec-5] DEBUG o.a.coyote.http11.Http11Processor - Error parsing HTTP request header
java.io.EOFException: null
	at org.apache.tomcat.util.net.NioEndpoint$NioSocketWrapper.fillReadBuffer(NioEndpoint.java:1293)
	at org.apache.tomcat.util.net.NioEndpoint$NioSocketWrapper.read(NioEndpoint.java:1181)
	at org.apache.coyote.http11.Http11InputBuffer.fill(Http11InputBuffer.java:792)
	at org.apache.coyote.http11.Http11InputBuffer.parseRequestLine(Http11InputBuffer.java:348)
	at org.apache.coyote.http11.Http11Processor.service(Http11Processor.java:270)
	at org.apache.coyote.AbstractProcessorLight.process(AbstractProcessorLight.java:63)
	at org.apache.coyote.AbstractProtocol$ConnectionHandler.process(AbstractProtocol.java:905)
	at org.apache.tomcat.util.net.NioEndpoint$SocketProcessor.doRun(NioEndpoint.java:1741)
	at org.apache.tomcat.util.net.SocketProcessorBase.run(SocketProcessorBase.java:52)
	at org.apache.tomcat.util.threads.ThreadPoolExecutor.runWorker(ThreadPoolExecutor.java:1190)
	at org.apache.tomcat.util.threads.ThreadPoolExecutor$Worker.run(ThreadPoolExecutor.java:659)
	at org.apache.tomcat.util.threads.TaskThread$WrappingRunnable.run(TaskThread.java:63)
	at java.base/java.lang.Thread.run(Thread.java:840)
2026-07-30 13:08:28.870 [http-nio-8081-exec-5] DEBUG o.a.coyote.http11.Http11Processor - Error state [CLOSE_CONNECTION_NOW] reported while processing request
java.io.EOFException: null
	at org.apache.tomcat.util.net.NioEndpoint$NioSocketWrapper.fillReadBuffer(NioEndpoint.java:1293)
	at org.apache.tomcat.util.net.NioEndpoint$NioSocketWrapper.read(NioEndpoint.java:1181)
	at org.apache.coyote.http11.Http11InputBuffer.fill(Http11InputBuffer.java:792)
	at org.apache.coyote.http11.Http11InputBuffer.parseRequestLine(Http11InputBuffer.java:348)
	at org.apache.coyote.http11.Http11Processor.service(Http11Processor.java:270)
	at org.apache.coyote.AbstractProcessorLight.process(AbstractProcessorLight.java:63)
	at org.apache.coyote.AbstractProtocol$ConnectionHandler.process(AbstractProtocol.java:905)
	at org.apache.tomcat.util.net.NioEndpoint$SocketProcessor.doRun(NioEndpoint.java:1741)
	at org.apache.tomcat.util.net.SocketProcessorBase.run(SocketProcessorBase.java:52)
	at org.apache.tomcat.util.threads.ThreadPoolExecutor.runWorker(ThreadPoolExecutor.java:1190)
	at org.apache.tomcat.util.threads.ThreadPoolExecutor$Worker.run(ThreadPoolExecutor.java:659)
	at org.apache.tomcat.util.threads.TaskThread$WrappingRunnable.run(TaskThread.java:63)
	at java.base/java.lang.Thread.run(Thread.java:840)
2026-07-30 13:08:30.868 [http-nio-8081-exec-3] DEBUG o.a.coyote.http11.Http11Processor - Error parsing HTTP request header
java.io.EOFException: null
	at org.apache.tomcat.util.net.NioEndpoint$NioSocketWrapper.fillReadBuffer(NioEndpoint.java:1293)
	at org.apache.tomcat.util.net.NioEndpoint$NioSocketWrapper.read(NioEndpoint.java:1181)
	at org.apache.coyote.http11.Http11InputBuffer.fill(Http11InputBuffer.java:792)
	at org.apache.coyote.http11.Http11InputBuffer.parseRequestLine(Http11InputBuffer.java:348)
	at org.apache.coyote.http11.Http11Processor.service(Http11Processor.java:270)
	at org.apache.coyote.AbstractProcessorLight.process(AbstractProcessorLight.java:63)
	at org.apache.coyote.AbstractProtocol$ConnectionHandler.process(AbstractProtocol.java:905)
	at org.apache.tomcat.util.net.NioEndpoint$SocketProcessor.doRun(NioEndpoint.java:1741)
	at org.apache.tomcat.util.net.SocketProcessorBase.run(SocketProcessorBase.java:52)
	at org.apache.tomcat.util.threads.ThreadPoolExecutor.runWorker(ThreadPoolExecutor.java:1190)
	at org.apache.tomcat.util.threads.ThreadPoolExecutor$Worker.run(ThreadPoolExecutor.java:659)
	at org.apache.tomcat.util.threads.TaskThread$WrappingRunnable.run(TaskThread.java:63)
	at java.base/java.lang.Thread.run(Thread.java:840)
2026-07-30 13:08:30.868 [http-nio-8081-exec-3] DEBUG o.a.coyote.http11.Http11Processor - Error state [CLOSE_CONNECTION_NOW] reported while processing request
java.io.EOFException: null
	at org.apache.tomcat.util.net.NioEndpoint$NioSocketWrapper.fillReadBuffer(NioEndpoint.java:1293)
	at org.apache.tomcat.util.net.NioEndpoint$NioSocketWrapper.read(NioEndpoint.java:1181)
	at org.apache.coyote.http11.Http11InputBuffer.fill(Http11InputBuffer.java:792)
	at org.apache.coyote.http11.Http11InputBuffer.parseRequestLine(Http11InputBuffer.java:348)
	at org.apache.coyote.http11.Http11Processor.service(Http11Processor.java:270)
	at org.apache.coyote.AbstractProcessorLight.process(AbstractProcessorLight.java:63)
	at org.apache.coyote.AbstractProtocol$ConnectionHandler.process(AbstractProtocol.java:905)
	at org.apache.tomcat.util.net.NioEndpoint$SocketProcessor.doRun(NioEndpoint.java:1741)
	at org.apache.tomcat.util.net.SocketProcessorBase.run(SocketProcessorBase.java:52)
	at org.apache.tomcat.util.threads.ThreadPoolExecutor.runWorker(ThreadPoolExecutor.java:1190)
	at org.apache.tomcat.util.threads.ThreadPoolExecutor$Worker.run(ThreadPoolExecutor.java:659)
	at org.apache.tomcat.util.threads.TaskThread$WrappingRunnable.run(TaskThread.java:63)
	at java.base/java.lang.Thread.run(Thread.java:840)
2026-07-30 13:08:54.457 [http-nio-8081-exec-6] DEBUG o.a.coyote.http11.Http11Processor - Error parsing HTTP request header
java.io.EOFException: null
	at org.apache.tomcat.util.net.NioEndpoint$NioSocketWrapper.fillReadBuffer(NioEndpoint.java:1293)
	at org.apache.tomcat.util.net.NioEndpoint$NioSocketWrapper.read(NioEndpoint.java:1181)
	at org.apache.coyote.http11.Http11InputBuffer.fill(Http11InputBuffer.java:792)
	at org.apache.coyote.http11.Http11InputBuffer.parseRequestLine(Http11InputBuffer.java:348)
	at org.apache.coyote.http11.Http11Processor.service(Http11Processor.java:270)
	at org.apache.coyote.AbstractProcessorLight.process(AbstractProcessorLight.java:63)
	at org.apache.coyote.AbstractProtocol$ConnectionHandler.process(AbstractProtocol.java:905)
	at org.apache.tomcat.util.net.NioEndpoint$SocketProcessor.doRun(NioEndpoint.java:1741)
	at org.apache.tomcat.util.net.SocketProcessorBase.run(SocketProcessorBase.java:52)
	at org.apache.tomcat.util.threads.ThreadPoolExecutor.runWorker(ThreadPoolExecutor.java:1190)
	at org.apache.tomcat.util.threads.ThreadPoolExecutor$Worker.run(ThreadPoolExecutor.java:659)
	at org.apache.tomcat.util.threads.TaskThread$WrappingRunnable.run(TaskThread.java:63)
	at java.base/java.lang.Thread.run(Thread.java:840)
2026-07-30 13:08:54.457 [http-nio-8081-exec-6] DEBUG o.a.coyote.http11.Http11Processor - Error state [CLOSE_CONNECTION_NOW] reported while processing request
java.io.EOFException: null
	at org.apache.tomcat.util.net.NioEndpoint$NioSocketWrapper.fillReadBuffer(NioEndpoint.java:1293)
	at org.apache.tomcat.util.net.NioEndpoint$NioSocketWrapper.read(NioEndpoint.java:1181)
	at org.apache.coyote.http11.Http11InputBuffer.fill(Http11InputBuffer.java:792)
	at org.apache.coyote.http11.Http11InputBuffer.parseRequestLine(Http11InputBuffer.java:348)
	at org.apache.coyote.http11.Http11Processor.service(Http11Processor.java:270)
	at org.apache.coyote.AbstractProcessorLight.process(AbstractProcessorLight.java:63)
	at org.apache.coyote.AbstractProtocol$ConnectionHandler.process(AbstractProtocol.java:905)
	at org.apache.tomcat.util.net.NioEndpoint$SocketProcessor.doRun(NioEndpoint.java:1741)
	at org.apache.tomcat.util.net.SocketProcessorBase.run(SocketProcessorBase.java:52)
	at org.apache.tomcat.util.threads.ThreadPoolExecutor.runWorker(ThreadPoolExecutor.java:1190)
	at org.apache.tomcat.util.threads.ThreadPoolExecutor$Worker.run(ThreadPoolExecutor.java:659)
	at org.apache.tomcat.util.threads.TaskThread$WrappingRunnable.run(TaskThread.java:63)
	at java.base/java.lang.Thread.run(Thread.java:840)
2026-07-30 13:09:01.913 [http-nio-8081-exec-2] DEBUG o.a.coyote.http11.Http11Processor - Error parsing HTTP request header
java.io.EOFException: null
	at org.apache.tomcat.util.net.NioEndpoint$NioSocketWrapper.fillReadBuffer(NioEndpoint.java:1293)
	at org.apache.tomcat.util.net.NioEndpoint$NioSocketWrapper.read(NioEndpoint.java:1181)
	at org.apache.coyote.http11.Http11InputBuffer.fill(Http11InputBuffer.java:792)
	at org.apache.coyote.http11.Http11InputBuffer.parseRequestLine(Http11InputBuffer.java:348)
	at org.apache.coyote.http11.Http11Processor.service(Http11Processor.java:270)
	at org.apache.coyote.AbstractProcessorLight.process(AbstractProcessorLight.java:63)
	at org.apache.coyote.AbstractProtocol$ConnectionHandler.process(AbstractProtocol.java:905)
	at org.apache.tomcat.util.net.NioEndpoint$SocketProcessor.doRun(NioEndpoint.java:1741)
	at org.apache.tomcat.util.net.SocketProcessorBase.run(SocketProcessorBase.java:52)
	at org.apache.tomcat.util.threads.ThreadPoolExecutor.runWorker(ThreadPoolExecutor.java:1190)
	at org.apache.tomcat.util.threads.ThreadPoolExecutor$Worker.run(ThreadPoolExecutor.java:659)
	at org.apache.tomcat.util.threads.TaskThread$WrappingRunnable.run(TaskThread.java:63)
	at java.base/java.lang.Thread.run(Thread.java:840)
2026-07-30 13:09:01.913 [http-nio-8081-exec-2] DEBUG o.a.coyote.http11.Http11Processor - Error state [CLOSE_CONNECTION_NOW] reported while processing request
java.io.EOFException: null
	at org.apache.tomcat.util.net.NioEndpoint$NioSocketWrapper.fillReadBuffer(NioEndpoint.java:1293)
	at org.apache.tomcat.util.net.NioEndpoint$NioSocketWrapper.read(NioEndpoint.java:1181)
	at org.apache.coyote.http11.Http11InputBuffer.fill(Http11InputBuffer.java:792)
	at org.apache.coyote.http11.Http11InputBuffer.parseRequestLine(Http11InputBuffer.java:348)
	at org.apache.coyote.http11.Http11Processor.service(Http11Processor.java:270)
	at org.apache.coyote.AbstractProcessorLight.process(AbstractProcessorLight.java:63)
	at org.apache.coyote.AbstractProtocol$ConnectionHandler.process(AbstractProtocol.java:905)
	at org.apache.tomcat.util.net.NioEndpoint$SocketProcessor.doRun(NioEndpoint.java:1741)
	at org.apache.tomcat.util.net.SocketProcessorBase.run(SocketProcessorBase.java:52)
	at org.apache.tomcat.util.threads.ThreadPoolExecutor.runWorker(ThreadPoolExecutor.java:1190)
	at org.apache.tomcat.util.threads.ThreadPoolExecutor$Worker.run(ThreadPoolExecutor.java:659)
	at org.apache.tomcat.util.threads.TaskThread$WrappingRunnable.run(TaskThread.java:63)
	at java.base/java.lang.Thread.run(Thread.java:840)
2026-07-30 13:09:28.732 [scheduling-1] DEBUG org.hibernate.SQL - select b1_0.id,b1_0.booking_code,b1_0.confirmed_at,b1_0.created_at,b1_0.expires_at,b1_0.showtime_id,b1_0.status,b1_0.total_amount,b1_0.updated_at,b1_0.user_id from bookings b1_0 where b1_0.status='PENDING' and b1_0.expires_at<? order by b1_0.expires_at
2026-07-30 13:09:36.095 [http-nio-8081-exec-7] DEBUG o.a.coyote.http11.Http11Processor - Error parsing HTTP request header
java.io.EOFException: null
	at org.apache.tomcat.util.net.NioEndpoint$NioSocketWrapper.fillReadBuffer(NioEndpoint.java:1293)
	at org.apache.tomcat.util.net.NioEndpoint$NioSocketWrapper.read(NioEndpoint.java:1181)
	at org.apache.coyote.http11.Http11InputBuffer.fill(Http11InputBuffer.java:792)
	at org.apache.coyote.http11.Http11InputBuffer.parseRequestLine(Http11InputBuffer.java:348)
	at org.apache.coyote.http11.Http11Processor.service(Http11Processor.java:270)
	at org.apache.coyote.AbstractProcessorLight.process(AbstractProcessorLight.java:63)
	at org.apache.coyote.AbstractProtocol$ConnectionHandler.process(AbstractProtocol.java:905)
	at org.apache.tomcat.util.net.NioEndpoint$SocketProcessor.doRun(NioEndpoint.java:1741)
	at org.apache.tomcat.util.net.SocketProcessorBase.run(SocketProcessorBase.java:52)
	at org.apache.tomcat.util.threads.ThreadPoolExecutor.runWorker(ThreadPoolExecutor.java:1190)
	at org.apache.tomcat.util.threads.ThreadPoolExecutor$Worker.run(ThreadPoolExecutor.java:659)
	at org.apache.tomcat.util.threads.TaskThread$WrappingRunnable.run(TaskThread.java:63)
	at java.base/java.lang.Thread.run(Thread.java:840)
2026-07-30 13:09:36.096 [http-nio-8081-exec-7] DEBUG o.a.coyote.http11.Http11Processor - Error state [CLOSE_CONNECTION_NOW] reported while processing request
java.io.EOFException: null
	at org.apache.tomcat.util.net.NioEndpoint$NioSocketWrapper.fillReadBuffer(NioEndpoint.java:1293)
	at org.apache.tomcat.util.net.NioEndpoint$NioSocketWrapper.read(NioEndpoint.java:1181)
	at org.apache.coyote.http11.Http11InputBuffer.fill(Http11InputBuffer.java:792)
	at org.apache.coyote.http11.Http11InputBuffer.parseRequestLine(Http11InputBuffer.java:348)
	at org.apache.coyote.http11.Http11Processor.service(Http11Processor.java:270)
	at org.apache.coyote.AbstractProcessorLight.process(AbstractProcessorLight.java:63)
	at org.apache.coyote.AbstractProtocol$ConnectionHandler.process(AbstractProtocol.java:905)
	at org.apache.tomcat.util.net.NioEndpoint$SocketProcessor.doRun(NioEndpoint.java:1741)
	at org.apache.tomcat.util.net.SocketProcessorBase.run(SocketProcessorBase.java:52)
	at org.apache.tomcat.util.threads.ThreadPoolExecutor.runWorker(ThreadPoolExecutor.java:1190)
	at org.apache.tomcat.util.threads.ThreadPoolExecutor$Worker.run(ThreadPoolExecutor.java:659)
	at org.apache.tomcat.util.threads.TaskThread$WrappingRunnable.run(TaskThread.java:63)
	at java.base/java.lang.Thread.run(Thread.java:840)
2026-07-30 13:09:48.199 [http-nio-8081-exec-8] DEBUG o.a.coyote.http11.Http11Processor - Error parsing HTTP request header
java.io.EOFException: null
	at org.apache.tomcat.util.net.NioEndpoint$NioSocketWrapper.fillReadBuffer(NioEndpoint.java:1293)
	at org.apache.tomcat.util.net.NioEndpoint$NioSocketWrapper.read(NioEndpoint.java:1181)
	at org.apache.coyote.http11.Http11InputBuffer.fill(Http11InputBuffer.java:792)
	at org.apache.coyote.http11.Http11InputBuffer.parseRequestLine(Http11InputBuffer.java:348)
	at org.apache.coyote.http11.Http11Processor.service(Http11Processor.java:270)
	at org.apache.coyote.AbstractProcessorLight.process(AbstractProcessorLight.java:63)
	at org.apache.coyote.AbstractProtocol$ConnectionHandler.process(AbstractProtocol.java:905)
	at org.apache.tomcat.util.net.NioEndpoint$SocketProcessor.doRun(NioEndpoint.java:1741)
	at org.apache.tomcat.util.net.SocketProcessorBase.run(SocketProcessorBase.java:52)
	at org.apache.tomcat.util.threads.ThreadPoolExecutor.runWorker(ThreadPoolExecutor.java:1190)
	at org.apache.tomcat.util.threads.ThreadPoolExecutor$Worker.run(ThreadPoolExecutor.java:659)
	at org.apache.tomcat.util.threads.TaskThread$WrappingRunnable.run(TaskThread.java:63)
	at java.base/java.lang.Thread.run(Thread.java:840)
2026-07-30 13:09:48.199 [http-nio-8081-exec-8] DEBUG o.a.coyote.http11.Http11Processor - Error state [CLOSE_CONNECTION_NOW] reported while processing request
java.io.EOFException: null
	at org.apache.tomcat.util.net.NioEndpoint$NioSocketWrapper.fillReadBuffer(NioEndpoint.java:1293)
	at org.apache.tomcat.util.net.NioEndpoint$NioSocketWrapper.read(NioEndpoint.java:1181)
	at org.apache.coyote.http11.Http11InputBuffer.fill(Http11InputBuffer.java:792)
	at org.apache.coyote.http11.Http11InputBuffer.parseRequestLine(Http11InputBuffer.java:348)
	at org.apache.coyote.http11.Http11Processor.service(Http11Processor.java:270)
	at org.apache.coyote.AbstractProcessorLight.process(AbstractProcessorLight.java:63)
	at org.apache.coyote.AbstractProtocol$ConnectionHandler.process(AbstractProtocol.java:905)
	at org.apache.tomcat.util.net.NioEndpoint$SocketProcessor.doRun(NioEndpoint.java:1741)
	at org.apache.tomcat.util.net.SocketProcessorBase.run(SocketProcessorBase.java:52)
	at org.apache.tomcat.util.threads.ThreadPoolExecutor.runWorker(ThreadPoolExecutor.java:1190)
	at org.apache.tomcat.util.threads.ThreadPoolExecutor$Worker.run(ThreadPoolExecutor.java:659)
	at org.apache.tomcat.util.threads.TaskThread$WrappingRunnable.run(TaskThread.java:63)
	at java.base/java.lang.Thread.run(Thread.java:840)
2026-07-30 13:10:01.637 [http-nio-8081-exec-9] DEBUG o.a.coyote.http11.Http11Processor - Error parsing HTTP request header
java.io.EOFException: null
	at org.apache.tomcat.util.net.NioEndpoint$NioSocketWrapper.fillReadBuffer(NioEndpoint.java:1293)
	at org.apache.tomcat.util.net.NioEndpoint$NioSocketWrapper.read(NioEndpoint.java:1181)
	at org.apache.coyote.http11.Http11InputBuffer.fill(Http11InputBuffer.java:792)
	at org.apache.coyote.http11.Http11InputBuffer.parseRequestLine(Http11InputBuffer.java:348)
	at org.apache.coyote.http11.Http11Processor.service(Http11Processor.java:270)
	at org.apache.coyote.AbstractProcessorLight.process(AbstractProcessorLight.java:63)
	at org.apache.coyote.AbstractProtocol$ConnectionHandler.process(AbstractProtocol.java:905)
	at org.apache.tomcat.util.net.NioEndpoint$SocketProcessor.doRun(NioEndpoint.java:1741)
	at org.apache.tomcat.util.net.SocketProcessorBase.run(SocketProcessorBase.java:52)
	at org.apache.tomcat.util.threads.ThreadPoolExecutor.runWorker(ThreadPoolExecutor.java:1190)
	at org.apache.tomcat.util.threads.ThreadPoolExecutor$Worker.run(ThreadPoolExecutor.java:659)
	at org.apache.tomcat.util.threads.TaskThread$WrappingRunnable.run(TaskThread.java:63)
	at java.base/java.lang.Thread.run(Thread.java:840)
2026-07-30 13:10:01.638 [http-nio-8081-exec-9] DEBUG o.a.coyote.http11.Http11Processor - Error state [CLOSE_CONNECTION_NOW] reported while processing request
java.io.EOFException: null
	at org.apache.tomcat.util.net.NioEndpoint$NioSocketWrapper.fillReadBuffer(NioEndpoint.java:1293)
	at org.apache.tomcat.util.net.NioEndpoint$NioSocketWrapper.read(NioEndpoint.java:1181)
	at org.apache.coyote.http11.Http11InputBuffer.fill(Http11InputBuffer.java:792)
	at org.apache.coyote.http11.Http11InputBuffer.parseRequestLine(Http11InputBuffer.java:348)
	at org.apache.coyote.http11.Http11Processor.service(Http11Processor.java:270)
	at org.apache.coyote.AbstractProcessorLight.process(AbstractProcessorLight.java:63)
	at org.apache.coyote.AbstractProtocol$ConnectionHandler.process(AbstractProtocol.java:905)
	at org.apache.tomcat.util.net.NioEndpoint$SocketProcessor.doRun(NioEndpoint.java:1741)
	at org.apache.tomcat.util.net.SocketProcessorBase.run(SocketProcessorBase.java:52)
	at org.apache.tomcat.util.threads.ThreadPoolExecutor.runWorker(ThreadPoolExecutor.java:1190)
	at org.apache.tomcat.util.threads.ThreadPoolExecutor$Worker.run(ThreadPoolExecutor.java:659)
	at org.apache.tomcat.util.threads.TaskThread$WrappingRunnable.run(TaskThread.java:63)
	at java.base/java.lang.Thread.run(Thread.java:840)
2026-07-30 13:10:14.678 [SpringApplicationShutdownHook] DEBUG io.lettuce.core.RedisChannelHandler - closeAsync()
2026-07-30 13:10:14.678 [SpringApplicationShutdownHook] DEBUG i.l.core.protocol.DefaultEndpoint - [channel=0xfaa4a81d, /127.0.0.1:60508 -> localhost/127.0.0.1:6379, epid=0x1] closeAsync()
2026-07-30 13:10:14.681 [SpringApplicationShutdownHook] DEBUG io.lettuce.core.AbstractRedisClient - Initiate shutdown (0, 0, MILLISECONDS)
2026-07-30 13:10:14.681 [SpringApplicationShutdownHook] DEBUG io.lettuce.core.RedisChannelHandler - closeAsync()
2026-07-30 13:10:14.681 [SpringApplicationShutdownHook] DEBUG i.l.core.protocol.DefaultEndpoint - [channel=0xbc7abe9a, /127.0.0.1:60522 -> localhost/127.0.0.1:6379, epid=0x2] closeAsync()
2026-07-30 13:10:14.683 [lettuce-nioEventLoop-4-1] DEBUG i.l.core.protocol.CommandHandler - [channel=0xfaa4a81d, /127.0.0.1:60508 -> localhost/127.0.0.1:6379, epid=0x1, chid=0x1] channelInactive()
2026-07-30 13:10:14.683 [lettuce-nioEventLoop-4-2] DEBUG i.l.core.protocol.CommandHandler - [channel=0xbc7abe9a, /127.0.0.1:60522 -> localhost/127.0.0.1:6379, epid=0x2, chid=0x2] channelInactive()
2026-07-30 13:10:14.685 [lettuce-nioEventLoop-4-2] DEBUG i.l.core.protocol.DefaultEndpoint - [channel=0xbc7abe9a, /127.0.0.1:60522 -> localhost/127.0.0.1:6379, epid=0x2] deactivating endpoint handler
2026-07-30 13:10:14.685 [lettuce-nioEventLoop-4-1] DEBUG i.l.core.protocol.DefaultEndpoint - [channel=0xfaa4a81d, /127.0.0.1:60508 -> localhost/127.0.0.1:6379, epid=0x1] deactivating endpoint handler
2026-07-30 13:10:14.685 [lettuce-nioEventLoop-4-2] DEBUG i.l.core.protocol.CommandHandler - [channel=0xbc7abe9a, /127.0.0.1:60522 -> localhost/127.0.0.1:6379, epid=0x2, chid=0x2] channelInactive() done
2026-07-30 13:10:14.686 [SpringApplicationShutdownHook] DEBUG i.l.c.r.DefaultClientResources - Initiate shutdown (0, 0, MILLISECONDS)
2026-07-30 13:10:14.685 [lettuce-nioEventLoop-4-1] DEBUG i.l.core.protocol.CommandHandler - [channel=0xfaa4a81d, /127.0.0.1:60508 -> localhost/127.0.0.1:6379, epid=0x1, chid=0x1] channelInactive() done
2026-07-30 13:10:14.687 [lettuce-nioEventLoop-4-2] DEBUG i.l.core.protocol.ConnectionWatchdog - [channel=0xbc7abe9a, /127.0.0.1:60522 -> localhost/127.0.0.1:6379, last known addr=localhost/127.0.0.1:6379] channelInactive()
2026-07-30 13:10:14.688 [lettuce-nioEventLoop-4-1] DEBUG i.l.core.protocol.ConnectionWatchdog - [channel=0xfaa4a81d, /127.0.0.1:60508 -> localhost/127.0.0.1:6379, last known addr=localhost/127.0.0.1:6379] channelInactive()
2026-07-30 13:10:14.688 [lettuce-nioEventLoop-4-1] DEBUG i.l.core.protocol.ConnectionWatchdog - [channel=0xfaa4a81d, /127.0.0.1:60508 -> localhost/127.0.0.1:6379, last known addr=localhost/127.0.0.1:6379] Reconnect scheduling disabled
2026-07-30 13:10:14.688 [lettuce-nioEventLoop-4-2] DEBUG i.l.core.protocol.ConnectionWatchdog - [channel=0xbc7abe9a, /127.0.0.1:60522 -> localhost/127.0.0.1:6379, last known addr=localhost/127.0.0.1:6379] Reconnect scheduling disabled
2026-07-30 13:10:14.688 [lettuce-nioEventLoop-4-1] DEBUG i.l.core.protocol.CommandHandler - [channel=0xfaa4a81d, /127.0.0.1:60508 -> localhost/127.0.0.1:6379, epid=0x1, chid=0x1] channelUnregistered()
2026-07-30 13:10:14.688 [lettuce-nioEventLoop-4-2] DEBUG i.l.core.protocol.CommandHandler - [channel=0xbc7abe9a, /127.0.0.1:60522 -> localhost/127.0.0.1:6379, epid=0x2, chid=0x2] channelUnregistered()
2026-07-30 13:10:14.689 [SpringApplicationShutdownHook] DEBUG i.l.c.r.DefaultEventLoopGroupProvider - Initiate shutdown (0, 0, MILLISECONDS)
2026-07-30 13:10:14.689 [SpringApplicationShutdownHook] DEBUG i.l.c.r.DefaultEventLoopGroupProvider - Release executor io.netty.channel.nio.NioEventLoopGroup@53b2c8d3
2026-07-30 13:10:14.690 [lettuce-nioEventLoop-4-2] DEBUG io.netty.buffer.PoolThreadCache - Freed 6 thread-local buffer(s) from thread: lettuce-nioEventLoop-4-2
2026-07-30 13:10:14.690 [lettuce-nioEventLoop-4-1] DEBUG io.netty.buffer.PoolThreadCache - Freed 6 thread-local buffer(s) from thread: lettuce-nioEventLoop-4-1
2026-07-30 13:10:14.695 [SpringApplicationShutdownHook] DEBUG i.l.c.r.DefaultClientResources - Initiate shutdown (0, 2, SECONDS)
2026-07-30 13:10:14.696 [SpringApplicationShutdownHook] DEBUG i.l.c.r.DefaultEventLoopGroupProvider - Initiate shutdown (0, 2, SECONDS)
2026-07-30 13:10:14.705 [SpringApplicationShutdownHook] INFO  o.s.o.j.LocalContainerEntityManagerFactoryBean - Closing JPA EntityManagerFactory for persistence unit 'default'
2026-07-30 13:10:14.709 [SpringApplicationShutdownHook] INFO  com.zaxxer.hikari.HikariDataSource - HikariPool-1 - Shutdown initiated...
2026-07-30 13:10:14.714 [SpringApplicationShutdownHook] INFO  com.zaxxer.hikari.HikariDataSource - HikariPool-1 - Shutdown completed.
2026-07-30 13:10:14.716 [SpringApplicationShutdownHook] DEBUG io.lettuce.core.RedisChannelHandler - dispatching command AsyncCommand [type=PUNSUBSCRIBE, output=PubSubOutput [output=null, error='null'], commandType=io.lettuce.core.protocol.Command]
2026-07-30 13:10:14.716 [SpringApplicationShutdownHook] WARN  o.s.d.r.l.RedisMessageListenerContainer - Unable to unsubscribe from subscriptions
java.lang.IllegalStateException: cannot be started once stopped
	at io.netty.util.HashedWheelTimer.start(HashedWheelTimer.java:363)
	at io.netty.util.HashedWheelTimer.newTimeout(HashedWheelTimer.java:445)
	at io.lettuce.core.protocol.CommandExpiryWriter.potentiallyExpire(CommandExpiryWriter.java:176)
	at io.lettuce.core.protocol.CommandExpiryWriter.write(CommandExpiryWriter.java:120)
	at io.lettuce.core.RedisChannelHandler.dispatch(RedisChannelHandler.java:218)
	at io.lettuce.core.StatefulRedisConnectionImpl.dispatch(StatefulRedisConnectionImpl.java:163)
	at io.lettuce.core.AbstractRedisAsyncCommands.dispatch(AbstractRedisAsyncCommands.java:696)
	at io.lettuce.core.pubsub.RedisPubSubAsyncCommandsImpl.punsubscribe(RedisPubSubAsyncCommandsImpl.java:58)
	at org.springframework.data.redis.connection.lettuce.LettuceSubscription.doClose(LettuceSubscription.java:86)
	at org.springframework.data.redis.connection.util.AbstractSubscription.close(AbstractSubscription.java:105)
	at org.springframework.data.redis.listener.RedisMessageListenerContainer$Subscriber.closeSubscription(RedisMessageListenerContainer.java:1361)
	at org.springframework.data.redis.listener.RedisMessageListenerContainer$Subscriber.doUnsubscribe(RedisMessageListenerContainer.java:1324)
	at org.springframework.data.redis.listener.RedisMessageListenerContainer$Subscriber.lambda$unsubscribeAll$2(RedisMessageListenerContainer.java:1317)
	at org.springframework.data.redis.listener.RedisMessageListenerContainer$Subscriber.lambda$doInLock$9(RedisMessageListenerContainer.java:1445)
	at org.springframework.data.redis.listener.RedisMessageListenerContainer$Subscriber.doInLock(RedisMessageListenerContainer.java:1455)
	at org.springframework.data.redis.listener.RedisMessageListenerContainer$Subscriber.doInLock(RedisMessageListenerContainer.java:1444)
	at org.springframework.data.redis.listener.RedisMessageListenerContainer$Subscriber.unsubscribeAll(RedisMessageListenerContainer.java:1312)
	at org.springframework.data.redis.listener.RedisMessageListenerContainer.doUnsubscribe(RedisMessageListenerContainer.java:512)
	at org.springframework.data.redis.listener.RedisMessageListenerContainer.stopListening(RedisMessageListenerContainer.java:494)
	at org.springframework.data.redis.listener.RedisMessageListenerContainer.removeListener(RedisMessageListenerContainer.java:764)
	at org.springframework.data.redis.listener.RedisMessageListenerContainer.removeMessageListener(RedisMessageListenerContainer.java:587)
	at org.springframework.data.redis.listener.RedisMessageListenerContainer.removeMessageListener(RedisMessageListenerContainer.java:614)
	at org.springframework.data.redis.listener.KeyspaceEventMessageListener.destroy(KeyspaceEventMessageListener.java:110)
	at org.springframework.data.redis.core.RedisKeyValueAdapter.destroy(RedisKeyValueAdapter.java:708)
	at org.springframework.beans.factory.support.DisposableBeanAdapter.destroy(DisposableBeanAdapter.java:211)
	at org.springframework.beans.factory.support.DefaultSingletonBeanRegistry.destroyBean(DefaultSingletonBeanRegistry.java:587)
	at org.springframework.beans.factory.support.DefaultSingletonBeanRegistry.destroySingleton(DefaultSingletonBeanRegistry.java:559)
	at org.springframework.beans.factory.support.DefaultListableBeanFactory.destroySingleton(DefaultListableBeanFactory.java:1207)
	at org.springframework.beans.factory.support.DefaultSingletonBeanRegistry.destroySingletons(DefaultSingletonBeanRegistry.java:520)
	at org.springframework.beans.factory.support.DefaultListableBeanFactory.destroySingletons(DefaultListableBeanFactory.java:1200)
	at org.springframework.context.support.AbstractApplicationContext.destroyBeans(AbstractApplicationContext.java:1195)
	at org.springframework.context.support.AbstractApplicationContext.doClose(AbstractApplicationContext.java:1156)
	at org.springframework.boot.web.servlet.context.ServletWebServerApplicationContext.doClose(ServletWebServerApplicationContext.java:174)
	at org.springframework.context.support.AbstractApplicationContext.close(AbstractApplicationContext.java:1102)
	at org.springframework.boot.SpringApplicationShutdownHook.closeAndWait(SpringApplicationShutdownHook.java:147)
	at java.base/java.lang.Iterable.forEach(Iterable.java:75)
	at org.springframework.boot.SpringApplicationShutdownHook.run(SpringApplicationShutdownHook.java:116)
	at java.base/java.lang.Thread.run(Thread.java:840)
2026-07-30 13:10:18.855 [background-preinit] DEBUG org.jboss.logging - Logging Provider: org.jboss.logging.Slf4jLoggerProvider found via system property
2026-07-30 13:10:18.920 [restartedMain] INFO  c.t.TicketOnlineApplication - Starting TicketOnlineApplication using Java 17.0.19 with PID 16298 (/home/camdao/Desktop/ticket-online/build/classes/java/main started by camdao in /home/camdao/Desktop/ticket-online)
2026-07-30 13:10:18.922 [restartedMain] DEBUG c.t.TicketOnlineApplication - Running with Spring Boot v3.3.8, Spring v6.1.16
2026-07-30 13:10:18.923 [restartedMain] INFO  c.t.TicketOnlineApplication - The following 4 profiles are active: "redis", "datasource", "security", "dev"
2026-07-30 13:10:18.995 [restartedMain] INFO  o.s.b.d.e.DevToolsPropertyDefaultsPostProcessor - Devtools property defaults active! Set 'spring.devtools.add-properties' to 'false' to disable
2026-07-30 13:10:18.996 [restartedMain] INFO  o.s.b.d.e.DevToolsPropertyDefaultsPostProcessor - For additional web related logging consider setting the 'logging.level.web' property to 'DEBUG'
2026-07-30 13:10:20.290 [restartedMain] INFO  o.s.d.r.c.RepositoryConfigurationDelegate - Multiple Spring Data modules found, entering strict repository configuration mode
2026-07-30 13:10:20.291 [restartedMain] INFO  o.s.d.r.c.RepositoryConfigurationDelegate - Bootstrapping Spring Data Redis repositories in DEFAULT mode.
2026-07-30 13:10:20.315 [restartedMain] INFO  o.s.d.r.c.RepositoryConfigurationDelegate - Finished Spring Data repository scanning in 6 ms. Found 0 Redis repository interfaces.
2026-07-30 13:10:20.875 [restartedMain] INFO  o.s.d.r.c.RepositoryConfigurationDelegate - Multiple Spring Data modules found, entering strict repository configuration mode
2026-07-30 13:10:20.877 [restartedMain] INFO  o.s.d.r.c.RepositoryConfigurationDelegate - Bootstrapping Spring Data JPA repositories in DEFAULT mode.
2026-07-30 13:10:20.941 [restartedMain] INFO  o.s.d.r.c.RepositoryConfigurationExtensionSupport - Spring Data JPA - Could not safely identify store assignment for repository candidate interface com.ticket_online.domain.auth.dao.RefreshTokenRepository; If you want this repository to be a JPA repository, consider annotating your entities with one of these annotations: jakarta.persistence.Entity, jakarta.persistence.MappedSuperclass (preferred), or consider extending one of the following types with your repository: org.springframework.data.jpa.repository.JpaRepository
2026-07-30 13:10:21.137 [restartedMain] INFO  o.s.d.r.c.RepositoryConfigurationDelegate - Finished Spring Data repository scanning in 257 ms. Found 9 JPA repository interfaces.
2026-07-30 13:10:21.148 [restartedMain] INFO  o.s.d.r.c.RepositoryConfigurationDelegate - Multiple Spring Data modules found, entering strict repository configuration mode
2026-07-30 13:10:21.148 [restartedMain] INFO  o.s.d.r.c.RepositoryConfigurationDelegate - Bootstrapping Spring Data Redis repositories in DEFAULT mode.
2026-07-30 13:10:21.168 [restartedMain] INFO  o.s.d.r.c.RepositoryConfigurationExtensionSupport - Spring Data Redis - Could not safely identify store assignment for repository candidate interface com.ticket_online.domain.bookings.dao.BookingDetailRepository; If you want this repository to be a Redis repository, consider annotating your entities with one of these annotations: org.springframework.data.redis.core.RedisHash (preferred), or consider extending one of the following types with your repository: org.springframework.data.keyvalue.repository.KeyValueRepository
2026-07-30 13:10:21.169 [restartedMain] INFO  o.s.d.r.c.RepositoryConfigurationExtensionSupport - Spring Data Redis - Could not safely identify store assignment for repository candidate interface com.ticket_online.domain.bookings.dao.BookingRepository; If you want this repository to be a Redis repository, consider annotating your entities with one of these annotations: org.springframework.data.redis.core.RedisHash (preferred), or consider extending one of the following types with your repository: org.springframework.data.keyvalue.repository.KeyValueRepository
2026-07-30 13:10:21.169 [restartedMain] INFO  o.s.d.r.c.RepositoryConfigurationExtensionSupport - Spring Data Redis - Could not safely identify store assignment for repository candidate interface com.ticket_online.domain.cinemas.dao.CinemaRepository; If you want this repository to be a Redis repository, consider annotating your entities with one of these annotations: org.springframework.data.redis.core.RedisHash (preferred), or consider extending one of the following types with your repository: org.springframework.data.keyvalue.repository.KeyValueRepository
2026-07-30 13:10:21.170 [restartedMain] INFO  o.s.d.r.c.RepositoryConfigurationExtensionSupport - Spring Data Redis - Could not safely identify store assignment for repository candidate interface com.ticket_online.domain.movies.dao.MovieRepository; If you want this repository to be a Redis repository, consider annotating your entities with one of these annotations: org.springframework.data.redis.core.RedisHash (preferred), or consider extending one of the following types with your repository: org.springframework.data.keyvalue.repository.KeyValueRepository
2026-07-30 13:10:21.170 [restartedMain] INFO  o.s.d.r.c.RepositoryConfigurationExtensionSupport - Spring Data Redis - Could not safely identify store assignment for repository candidate interface com.ticket_online.domain.payments.dao.PaymentRepository; If you want this repository to be a Redis repository, consider annotating your entities with one of these annotations: org.springframework.data.redis.core.RedisHash (preferred), or consider extending one of the following types with your repository: org.springframework.data.keyvalue.repository.KeyValueRepository
2026-07-30 13:10:21.171 [restartedMain] INFO  o.s.d.r.c.RepositoryConfigurationExtensionSupport - Spring Data Redis - Could not safely identify store assignment for repository candidate interface com.ticket_online.domain.rooms.dao.RoomRepository; If you want this repository to be a Redis repository, consider annotating your entities with one of these annotations: org.springframework.data.redis.core.RedisHash (preferred), or consider extending one of the following types with your repository: org.springframework.data.keyvalue.repository.KeyValueRepository
2026-07-30 13:10:21.172 [restartedMain] INFO  o.s.d.r.c.RepositoryConfigurationExtensionSupport - Spring Data Redis - Could not safely identify store assignment for repository candidate interface com.ticket_online.domain.seats.dao.SeatRepository; If you want this repository to be a Redis repository, consider annotating your entities with one of these annotations: org.springframework.data.redis.core.RedisHash (preferred), or consider extending one of the following types with your repository: org.springframework.data.keyvalue.repository.KeyValueRepository
2026-07-30 13:10:21.172 [restartedMain] INFO  o.s.d.r.c.RepositoryConfigurationExtensionSupport - Spring Data Redis - Could not safely identify store assignment for repository candidate interface com.ticket_online.domain.showtimes.dao.ShowtimeRepository; If you want this repository to be a Redis repository, consider annotating your entities with one of these annotations: org.springframework.data.redis.core.RedisHash (preferred), or consider extending one of the following types with your repository: org.springframework.data.keyvalue.repository.KeyValueRepository
2026-07-30 13:10:21.173 [restartedMain] INFO  o.s.d.r.c.RepositoryConfigurationExtensionSupport - Spring Data Redis - Could not safely identify store assignment for repository candidate interface com.ticket_online.domain.user.dao.UserRepository; If you want this repository to be a Redis repository, consider annotating your entities with one of these annotations: org.springframework.data.redis.core.RedisHash (preferred), or consider extending one of the following types with your repository: org.springframework.data.keyvalue.repository.KeyValueRepository
2026-07-30 13:10:21.185 [restartedMain] INFO  o.s.d.r.c.RepositoryConfigurationDelegate - Finished Spring Data repository scanning in 36 ms. Found 1 Redis repository interface.
2026-07-30 13:10:21.953 [restartedMain] DEBUG o.a.c.core.AprLifecycleListener - The Apache Tomcat Native library could not be found using names [tcnative-2, libtcnative-2, tcnative-1, libtcnative-1] on the java.library.path [/usr/java/packages/lib:/usr/lib/x86_64-linux-gnu/jni:/lib/x86_64-linux-gnu:/usr/lib/x86_64-linux-gnu:/usr/lib/jni:/lib:/usr/lib]. The errors reported were [Can't load library: /home/camdao/Desktop/ticket-online/bin/libtcnative-2.so, Can't load library: /home/camdao/Desktop/ticket-online/bin/liblibtcnative-2.so, Can't load library: /home/camdao/Desktop/ticket-online/bin/libtcnative-1.so, Can't load library: /home/camdao/Desktop/ticket-online/bin/liblibtcnative-1.so, no tcnative-2 in java.library.path: /usr/java/packages/lib:/usr/lib/x86_64-linux-gnu/jni:/lib/x86_64-linux-gnu:/usr/lib/x86_64-linux-gnu:/usr/lib/jni:/lib:/usr/lib, no libtcnative-2 in java.library.path: /usr/java/packages/lib:/usr/lib/x86_64-linux-gnu/jni:/lib/x86_64-linux-gnu:/usr/lib/x86_64-linux-gnu:/usr/lib/jni:/lib:/usr/lib, no tcnative-1 in java.library.path: /usr/java/packages/lib:/usr/lib/x86_64-linux-gnu/jni:/lib/x86_64-linux-gnu:/usr/lib/x86_64-linux-gnu:/usr/lib/jni:/lib:/usr/lib, no libtcnative-1 in java.library.path: /usr/java/packages/lib:/usr/lib/x86_64-linux-gnu/jni:/lib/x86_64-linux-gnu:/usr/lib/x86_64-linux-gnu:/usr/lib/jni:/lib:/usr/lib]
org.apache.tomcat.jni.LibraryNotFoundError: Can't load library: /home/camdao/Desktop/ticket-online/bin/libtcnative-2.so, Can't load library: /home/camdao/Desktop/ticket-online/bin/liblibtcnative-2.so, Can't load library: /home/camdao/Desktop/ticket-online/bin/libtcnative-1.so, Can't load library: /home/camdao/Desktop/ticket-online/bin/liblibtcnative-1.so, no tcnative-2 in java.library.path: /usr/java/packages/lib:/usr/lib/x86_64-linux-gnu/jni:/lib/x86_64-linux-gnu:/usr/lib/x86_64-linux-gnu:/usr/lib/jni:/lib:/usr/lib, no libtcnative-2 in java.library.path: /usr/java/packages/lib:/usr/lib/x86_64-linux-gnu/jni:/lib/x86_64-linux-gnu:/usr/lib/x86_64-linux-gnu:/usr/lib/jni:/lib:/usr/lib, no tcnative-1 in java.library.path: /usr/java/packages/lib:/usr/lib/x86_64-linux-gnu/jni:/lib/x86_64-linux-gnu:/usr/lib/x86_64-linux-gnu:/usr/lib/jni:/lib:/usr/lib, no libtcnative-1 in java.library.path: /usr/java/packages/lib:/usr/lib/x86_64-linux-gnu/jni:/lib/x86_64-linux-gnu:/usr/lib/x86_64-linux-gnu:/usr/lib/jni:/lib:/usr/lib
	at org.apache.tomcat.jni.Library.<init>(Library.java:91)
	at org.apache.tomcat.jni.Library.initialize(Library.java:147)
	at org.apache.catalina.core.AprLifecycleListener.init(AprLifecycleListener.java:211)
	at org.apache.catalina.core.AprLifecycleListener.isAprAvailable(AprLifecycleListener.java:113)
	at org.springframework.boot.web.embedded.tomcat.TomcatServletWebServerFactory.getDefaultServerLifecycleListeners(TomcatServletWebServerFactory.java:191)
	at org.springframework.boot.web.embedded.tomcat.TomcatServletWebServerFactory.<init>(TomcatServletWebServerFactory.java:138)
	at org.springframework.boot.autoconfigure.web.servlet.ServletWebServerFactoryConfiguration$EmbeddedTomcat.tomcatServletWebServerFactory(ServletWebServerFactoryConfiguration.java:73)
	at java.base/jdk.internal.reflect.NativeMethodAccessorImpl.invoke0(Native Method)
	at java.base/jdk.internal.reflect.NativeMethodAccessorImpl.invoke(NativeMethodAccessorImpl.java:77)
	at java.base/jdk.internal.reflect.DelegatingMethodAccessorImpl.invoke(DelegatingMethodAccessorImpl.java:43)
	at java.base/java.lang.reflect.Method.invoke(Method.java:569)
	at org.springframework.beans.factory.support.SimpleInstantiationStrategy.instantiate(SimpleInstantiationStrategy.java:146)
	at org.springframework.beans.factory.support.ConstructorResolver.instantiate(ConstructorResolver.java:644)
	at org.springframework.beans.factory.support.ConstructorResolver.instantiateUsingFactoryMethod(ConstructorResolver.java:636)
	at org.springframework.beans.factory.support.AbstractAutowireCapableBeanFactory.instantiateUsingFactoryMethod(AbstractAutowireCapableBeanFactory.java:1355)
	at org.springframework.beans.factory.support.AbstractAutowireCapableBeanFactory.createBeanInstance(AbstractAutowireCapableBeanFactory.java:1185)
	at org.springframework.beans.factory.support.AbstractAutowireCapableBeanFactory.doCreateBean(AbstractAutowireCapableBeanFactory.java:562)
	at org.springframework.beans.factory.support.AbstractAutowireCapableBeanFactory.createBean(AbstractAutowireCapableBeanFactory.java:522)
	at org.springframework.beans.factory.support.AbstractBeanFactory.lambda$doGetBean$0(AbstractBeanFactory.java:337)
	at org.springframework.beans.factory.support.DefaultSingletonBeanRegistry.getSingleton(DefaultSingletonBeanRegistry.java:234)
	at org.springframework.beans.factory.support.AbstractBeanFactory.doGetBean(AbstractBeanFactory.java:335)
	at org.springframework.beans.factory.support.AbstractBeanFactory.getBean(AbstractBeanFactory.java:205)
	at org.springframework.boot.web.servlet.context.ServletWebServerApplicationContext.getWebServerFactory(ServletWebServerApplicationContext.java:223)
	at org.springframework.boot.web.servlet.context.ServletWebServerApplicationContext.createWebServer(ServletWebServerApplicationContext.java:186)
	at org.springframework.boot.web.servlet.context.ServletWebServerApplicationContext.onRefresh(ServletWebServerApplicationContext.java:162)
	at org.springframework.context.support.AbstractApplicationContext.refresh(AbstractApplicationContext.java:619)
	at org.springframework.boot.web.servlet.context.ServletWebServerApplicationContext.refresh(ServletWebServerApplicationContext.java:146)
	at org.springframework.boot.SpringApplication.refresh(SpringApplication.java:754)
	at org.springframework.boot.SpringApplication.refreshContext(SpringApplication.java:456)
	at org.springframework.boot.SpringApplication.run(SpringApplication.java:335)
	at org.springframework.boot.SpringApplication.run(SpringApplication.java:1363)
	at org.springframework.boot.SpringApplication.run(SpringApplication.java:1352)
	at com.ticket_online.TicketOnlineApplication.main(TicketOnlineApplication.java:12)
	at java.base/jdk.internal.reflect.NativeMethodAccessorImpl.invoke0(Native Method)
	at java.base/jdk.internal.reflect.NativeMethodAccessorImpl.invoke(NativeMethodAccessorImpl.java:77)
	at java.base/jdk.internal.reflect.DelegatingMethodAccessorImpl.invoke(DelegatingMethodAccessorImpl.java:43)
	at java.base/java.lang.reflect.Method.invoke(Method.java:569)
	at org.springframework.boot.devtools.restart.RestartLauncher.run(RestartLauncher.java:50)
2026-07-30 13:10:22.218 [restartedMain] DEBUG o.a.tomcat.util.compat.Jre19Compat - Class not found so assuming code is running on a pre-Java 19 JVM
java.lang.ClassNotFoundException: java.lang.WrongThreadException
	at java.base/jdk.internal.loader.BuiltinClassLoader.loadClass(BuiltinClassLoader.java:641)
	at java.base/jdk.internal.loader.ClassLoaders$AppClassLoader.loadClass(ClassLoaders.java:188)
	at java.base/java.lang.ClassLoader.loadClass(ClassLoader.java:525)
	at java.base/java.lang.Class.forName0(Native Method)
	at java.base/java.lang.Class.forName(Class.java:377)
	at org.apache.tomcat.util.compat.Jre19Compat.<clinit>(Jre19Compat.java:37)
	at org.apache.tomcat.util.compat.JreCompat.<clinit>(JreCompat.java:60)
	at org.apache.catalina.startup.Tomcat.<clinit>(Tomcat.java:1193)
	at org.springframework.boot.web.embedded.tomcat.TomcatServletWebServerFactory.getWebServer(TomcatServletWebServerFactory.java:203)
	at org.springframework.boot.web.servlet.context.ServletWebServerApplicationContext.createWebServer(ServletWebServerApplicationContext.java:188)
	at org.springframework.boot.web.servlet.context.ServletWebServerApplicationContext.onRefresh(ServletWebServerApplicationContext.java:162)
	at org.springframework.context.support.AbstractApplicationContext.refresh(AbstractApplicationContext.java:619)
	at org.springframework.boot.web.servlet.context.ServletWebServerApplicationContext.refresh(ServletWebServerApplicationContext.java:146)
	at org.springframework.boot.SpringApplication.refresh(SpringApplication.java:754)
	at org.springframework.boot.SpringApplication.refreshContext(SpringApplication.java:456)
	at org.springframework.boot.SpringApplication.run(SpringApplication.java:335)
	at org.springframework.boot.SpringApplication.run(SpringApplication.java:1363)
	at org.springframework.boot.SpringApplication.run(SpringApplication.java:1352)
	at com.ticket_online.TicketOnlineApplication.main(TicketOnlineApplication.java:12)
	at java.base/jdk.internal.reflect.NativeMethodAccessorImpl.invoke0(Native Method)
	at java.base/jdk.internal.reflect.NativeMethodAccessorImpl.invoke(NativeMethodAccessorImpl.java:77)
	at java.base/jdk.internal.reflect.DelegatingMethodAccessorImpl.invoke(DelegatingMethodAccessorImpl.java:43)
	at java.base/java.lang.reflect.Method.invoke(Method.java:569)
	at org.springframework.boot.devtools.restart.RestartLauncher.run(RestartLauncher.java:50)
2026-07-30 13:10:22.219 [restartedMain] DEBUG o.a.tomcat.util.compat.Jre21Compat - Class not found so assuming code is running on a pre-Java 21 JVM
java.lang.ClassNotFoundException: java.lang.Thread$Builder
	at java.base/jdk.internal.loader.BuiltinClassLoader.loadClass(BuiltinClassLoader.java:641)
	at java.base/jdk.internal.loader.ClassLoaders$AppClassLoader.loadClass(ClassLoaders.java:188)
	at java.base/java.lang.ClassLoader.loadClass(ClassLoader.java:525)
	at java.base/java.lang.Class.forName0(Native Method)
	at java.base/java.lang.Class.forName(Class.java:377)
	at org.apache.tomcat.util.compat.Jre21Compat.<clinit>(Jre21Compat.java:49)
	at org.apache.tomcat.util.compat.JreCompat.<clinit>(JreCompat.java:60)
	at org.apache.catalina.startup.Tomcat.<clinit>(Tomcat.java:1193)
	at org.springframework.boot.web.embedded.tomcat.TomcatServletWebServerFactory.getWebServer(TomcatServletWebServerFactory.java:203)
	at org.springframework.boot.web.servlet.context.ServletWebServerApplicationContext.createWebServer(ServletWebServerApplicationContext.java:188)
	at org.springframework.boot.web.servlet.context.ServletWebServerApplicationContext.onRefresh(ServletWebServerApplicationContext.java:162)
	at org.springframework.context.support.AbstractApplicationContext.refresh(AbstractApplicationContext.java:619)
	at org.springframework.boot.web.servlet.context.ServletWebServerApplicationContext.refresh(ServletWebServerApplicationContext.java:146)
	at org.springframework.boot.SpringApplication.refresh(SpringApplication.java:754)
	at org.springframework.boot.SpringApplication.refreshContext(SpringApplication.java:456)
	at org.springframework.boot.SpringApplication.run(SpringApplication.java:335)
	at org.springframework.boot.SpringApplication.run(SpringApplication.java:1363)
	at org.springframework.boot.SpringApplication.run(SpringApplication.java:1352)
	at com.ticket_online.TicketOnlineApplication.main(TicketOnlineApplication.java:12)
	at java.base/jdk.internal.reflect.NativeMethodAccessorImpl.invoke0(Native Method)
	at java.base/jdk.internal.reflect.NativeMethodAccessorImpl.invoke(NativeMethodAccessorImpl.java:77)
	at java.base/jdk.internal.reflect.DelegatingMethodAccessorImpl.invoke(DelegatingMethodAccessorImpl.java:43)
	at java.base/java.lang.reflect.Method.invoke(Method.java:569)
	at org.springframework.boot.devtools.restart.RestartLauncher.run(RestartLauncher.java:50)
2026-07-30 13:10:22.220 [restartedMain] DEBUG o.a.tomcat.util.compat.Jre22Compat - Class not found so assuming code is running on a pre-Java 22 JVM
java.lang.ClassNotFoundException: java.text.ListFormat
	at java.base/jdk.internal.loader.BuiltinClassLoader.loadClass(BuiltinClassLoader.java:641)
	at java.base/jdk.internal.loader.ClassLoaders$AppClassLoader.loadClass(ClassLoaders.java:188)
	at java.base/java.lang.ClassLoader.loadClass(ClassLoader.java:525)
	at java.base/java.lang.Class.forName0(Native Method)
	at java.base/java.lang.Class.forName(Class.java:377)
	at org.apache.tomcat.util.compat.Jre22Compat.<clinit>(Jre22Compat.java:37)
	at org.apache.tomcat.util.compat.JreCompat.<clinit>(JreCompat.java:60)
	at org.apache.catalina.startup.Tomcat.<clinit>(Tomcat.java:1193)
	at org.springframework.boot.web.embedded.tomcat.TomcatServletWebServerFactory.getWebServer(TomcatServletWebServerFactory.java:203)
	at org.springframework.boot.web.servlet.context.ServletWebServerApplicationContext.createWebServer(ServletWebServerApplicationContext.java:188)
	at org.springframework.boot.web.servlet.context.ServletWebServerApplicationContext.onRefresh(ServletWebServerApplicationContext.java:162)
	at org.springframework.context.support.AbstractApplicationContext.refresh(AbstractApplicationContext.java:619)
	at org.springframework.boot.web.servlet.context.ServletWebServerApplicationContext.refresh(ServletWebServerApplicationContext.java:146)
	at org.springframework.boot.SpringApplication.refresh(SpringApplication.java:754)
	at org.springframework.boot.SpringApplication.refreshContext(SpringApplication.java:456)
	at org.springframework.boot.SpringApplication.run(SpringApplication.java:335)
	at org.springframework.boot.SpringApplication.run(SpringApplication.java:1363)
	at org.springframework.boot.SpringApplication.run(SpringApplication.java:1352)
	at com.ticket_online.TicketOnlineApplication.main(TicketOnlineApplication.java:12)
	at java.base/jdk.internal.reflect.NativeMethodAccessorImpl.invoke0(Native Method)
	at java.base/jdk.internal.reflect.NativeMethodAccessorImpl.invoke(NativeMethodAccessorImpl.java:77)
	at java.base/jdk.internal.reflect.DelegatingMethodAccessorImpl.invoke(DelegatingMethodAccessorImpl.java:43)
	at java.base/java.lang.reflect.Method.invoke(Method.java:569)
	at org.springframework.boot.devtools.restart.RestartLauncher.run(RestartLauncher.java:50)
2026-07-30 13:10:22.291 [restartedMain] DEBUG o.apache.catalina.core.ContainerBase - Add container child [StandardHost[localhost]] to container [StandardEngine[Tomcat]]
2026-07-30 13:10:22.314 [restartedMain] DEBUG o.apache.catalina.core.ContainerBase - Add container child [TomcatEmbeddedContext[]] to container [StandardEngine[Tomcat].StandardHost[localhost]]
2026-07-30 13:10:22.368 [restartedMain] DEBUG jdk.event.security - X509Certificate: Alg:SHA1withRSA, Serial:0c:e7:e0:e5:17:d8:46:fe:8f:e5:60:fc:1b:f0:30:39, Subject:CN=DigiCert Assured ID Root CA, OU=www.digicert.com, O=DigiCert Inc, C=US, Issuer:CN=DigiCert Assured ID Root CA, OU=www.digicert.com, O=DigiCert Inc, C=US, Key type:RSA, Length:2048, Cert Id:-860404528, Valid from:11/10/06, 7:00 AM, Valid until:11/10/31, 7:00 AM
2026-07-30 13:10:22.374 [restartedMain] DEBUG jdk.event.security - X509Certificate: Alg:SHA256withRSA, Serial:04:09:18:1b:5f:d5:bb:66:75:53:43:b5:6f:95:50:08, Subject:CN=DigiCert SHA2 Assured ID Code Signing CA, OU=www.digicert.com, O=DigiCert Inc, C=US, Issuer:CN=DigiCert Assured ID Root CA, OU=www.digicert.com, O=DigiCert Inc, C=US, Key type:RSA, Length:2048, Cert Id:-888240198, Valid from:10/22/13, 7:00 PM, Valid until:10/22/28, 7:00 PM
2026-07-30 13:10:22.376 [restartedMain] DEBUG jdk.event.security - X509Certificate: Alg:SHA256withRSA, Serial:03:4a:44:75:70:d9:70:98:24:09:eb:b3:da:98:b6:9d, Subject:EMAILADDRESS=webmaster@eclipse.org, CN="Eclipse.org Foundation, Inc.", OU=IT, O="Eclipse.org Foundation, Inc.", L=Ottawa, ST=Ontario, C=CA, Issuer:CN=DigiCert SHA2 Assured ID Code Signing CA, OU=www.digicert.com, O=DigiCert Inc, C=US, Key type:RSA, Length:2048, Cert Id:1542280108, Valid from:3/16/21, 7:00 AM, Valid until:5/19/22, 6:59 AM
2026-07-30 13:10:22.383 [restartedMain] DEBUG jdk.event.security - X509Certificate: Alg:SHA256withRSA, Serial:7b:05:b1:d4:49:68:51:44:f7:c9:89:d2:9c:19:9d:12, Subject:CN=Symantec SHA256 TimeStamping CA, OU=Symantec Trust Network, O=Symantec Corporation, C=US, Issuer:CN=VeriSign Universal Root Certification Authority, OU="(c) 2008 VeriSign, Inc. - For authorized use only", OU=VeriSign Trust Network, O="VeriSign, Inc.", C=US, Key type:RSA, Length:2048, Cert Id:679469769, Valid from:1/12/16, 7:00 AM, Valid until:1/12/31, 6:59 AM
2026-07-30 13:10:22.384 [restartedMain] DEBUG jdk.event.security - X509Certificate: Alg:SHA256withRSA, Serial:7b:d4:e5:af:ba:cc:07:3f:a1:01:23:04:22:41:4d:12, Subject:CN=Symantec SHA256 TimeStamping Signer - G3, OU=Symantec Trust Network, O=Symantec Corporation, C=US, Issuer:CN=Symantec SHA256 TimeStamping CA, OU=Symantec Trust Network, O=Symantec Corporation, C=US, Key type:RSA, Length:2048, Cert Id:-1917605033, Valid from:12/23/17, 7:00 AM, Valid until:3/23/29, 6:59 AM
2026-07-30 13:10:22.445 [restartedMain] INFO  o.s.b.w.e.tomcat.TomcatWebServer - Tomcat initialized with port 8081 (http)
2026-07-30 13:10:22.449 [restartedMain] DEBUG o.apache.catalina.util.LifecycleBase - Setting state for [StandardServer[-1]] to [INITIALIZING]
2026-07-30 13:10:22.454 [restartedMain] DEBUG o.apache.catalina.util.LifecycleBase - Setting state for [org.apache.catalina.deploy.NamingResourcesImpl@7ef25993] to [INITIALIZING]
2026-07-30 13:10:22.455 [restartedMain] DEBUG o.apache.catalina.util.LifecycleBase - Setting state for [org.apache.catalina.deploy.NamingResourcesImpl@7ef25993] to [INITIALIZED]
2026-07-30 13:10:22.455 [restartedMain] DEBUG o.apache.catalina.util.LifecycleBase - Setting state for [StandardService[Tomcat]] to [INITIALIZING]
2026-07-30 13:10:22.456 [restartedMain] DEBUG o.apache.catalina.util.LifecycleBase - Setting state for [StandardEngine[Tomcat]] to [INITIALIZING]
2026-07-30 13:10:22.456 [restartedMain] DEBUG o.apache.catalina.util.LifecycleBase - Setting state for [StandardEngine[Tomcat]] to [INITIALIZED]
2026-07-30 13:10:22.457 [restartedMain] DEBUG o.apache.catalina.util.LifecycleBase - Setting state for [org.apache.catalina.mapper.MapperListener@172fc26b] to [INITIALIZING]
2026-07-30 13:10:22.457 [restartedMain] DEBUG o.apache.catalina.util.LifecycleBase - Setting state for [org.apache.catalina.mapper.MapperListener@172fc26b] to [INITIALIZED]
2026-07-30 13:10:22.457 [restartedMain] DEBUG o.apache.catalina.util.LifecycleBase - Setting state for [Connector["http-nio-8081"]] to [INITIALIZING]
2026-07-30 13:10:22.463 [restartedMain] INFO  o.a.coyote.http11.Http11NioProtocol - Initializing ProtocolHandler ["http-nio-8081"]
2026-07-30 13:10:22.464 [restartedMain] DEBUG o.apache.catalina.util.LifecycleBase - Setting state for [Connector["http-nio-8081"]] to [INITIALIZED]
2026-07-30 13:10:22.465 [restartedMain] DEBUG o.apache.catalina.util.LifecycleBase - Setting state for [StandardService[Tomcat]] to [INITIALIZED]
2026-07-30 13:10:22.465 [restartedMain] DEBUG o.apache.catalina.util.LifecycleBase - Setting state for [StandardServer[-1]] to [INITIALIZED]
2026-07-30 13:10:22.465 [restartedMain] DEBUG o.apache.catalina.util.LifecycleBase - Setting state for [StandardServer[-1]] to [STARTING_PREP]
2026-07-30 13:10:22.466 [restartedMain] DEBUG o.apache.catalina.util.LifecycleBase - Setting state for [StandardServer[-1]] to [STARTING]
2026-07-30 13:10:22.467 [restartedMain] DEBUG o.apache.catalina.util.LifecycleBase - Setting state for [org.apache.catalina.deploy.NamingResourcesImpl@7ef25993] to [STARTING_PREP]
2026-07-30 13:10:22.468 [restartedMain] DEBUG o.apache.catalina.util.LifecycleBase - Setting state for [org.apache.catalina.deploy.NamingResourcesImpl@7ef25993] to [STARTING]
2026-07-30 13:10:22.468 [restartedMain] DEBUG o.apache.catalina.util.LifecycleBase - Setting state for [org.apache.catalina.deploy.NamingResourcesImpl@7ef25993] to [STARTED]
2026-07-30 13:10:22.468 [restartedMain] DEBUG o.apache.catalina.util.LifecycleBase - Setting state for [StandardService[Tomcat]] to [STARTING_PREP]
2026-07-30 13:10:22.468 [restartedMain] INFO  o.a.catalina.core.StandardService - Starting service [Tomcat]
2026-07-30 13:10:22.469 [restartedMain] DEBUG o.apache.catalina.util.LifecycleBase - Setting state for [StandardService[Tomcat]] to [STARTING]
2026-07-30 13:10:22.469 [restartedMain] DEBUG o.apache.catalina.util.LifecycleBase - Setting state for [StandardEngine[Tomcat]] to [STARTING_PREP]
2026-07-30 13:10:22.470 [restartedMain] INFO  o.a.catalina.core.StandardEngine - Starting Servlet engine: [Apache Tomcat/10.1.34]
2026-07-30 13:10:22.471 [restartedMain] DEBUG o.apache.catalina.util.LifecycleBase - Setting state for [SimpleRealm[StandardEngine[Tomcat]]] to [INITIALIZING]
2026-07-30 13:10:22.472 [restartedMain] DEBUG o.apache.catalina.util.LifecycleBase - Setting state for [SimpleRealm[StandardEngine[Tomcat]]] to [INITIALIZED]
2026-07-30 13:10:22.472 [restartedMain] DEBUG o.apache.catalina.util.LifecycleBase - Setting state for [SimpleRealm[StandardEngine[Tomcat]]] to [STARTING_PREP]
2026-07-30 13:10:22.473 [restartedMain] DEBUG o.apache.catalina.util.LifecycleBase - Setting state for [SimpleRealm[StandardEngine[Tomcat]]] to [STARTING]
2026-07-30 13:10:22.473 [restartedMain] DEBUG o.apache.catalina.util.LifecycleBase - Setting state for [SimpleRealm[StandardEngine[Tomcat]]] to [STARTED]
2026-07-30 13:10:22.474 [restartedMain] DEBUG o.apache.catalina.util.LifecycleBase - Setting state for [StandardEngine[Tomcat].StandardHost[localhost]] to [INITIALIZING]
2026-07-30 13:10:22.475 [restartedMain] DEBUG o.apache.catalina.util.LifecycleBase - Setting state for [StandardEngine[Tomcat].StandardHost[localhost]] to [INITIALIZED]
2026-07-30 13:10:22.475 [restartedMain] DEBUG o.apache.catalina.util.LifecycleBase - Setting state for [StandardEngine[Tomcat].StandardHost[localhost]] to [STARTING_PREP]
2026-07-30 13:10:22.481 [restartedMain] DEBUG o.apache.catalina.util.LifecycleBase - Setting state for [StandardEngine[Tomcat].StandardHost[localhost].TomcatEmbeddedContext[]] to [INITIALIZING]
2026-07-30 13:10:22.482 [restartedMain] DEBUG o.apache.catalina.util.LifecycleBase - Setting state for [StandardEngine[Tomcat].StandardHost[localhost].TomcatEmbeddedContext[]] to [INITIALIZED]
2026-07-30 13:10:22.482 [restartedMain] DEBUG o.apache.catalina.util.LifecycleBase - Setting state for [StandardEngine[Tomcat].StandardHost[localhost].TomcatEmbeddedContext[]] to [STARTING_PREP]
2026-07-30 13:10:22.499 [restartedMain] DEBUG o.apache.catalina.util.LifecycleBase - Setting state for [org.apache.catalina.webresources.StandardRoot@67e40585] to [INITIALIZING]
2026-07-30 13:10:22.503 [restartedMain] DEBUG o.apache.catalina.util.LifecycleBase - Setting state for [org.apache.catalina.webresources.StandardRoot@67e40585] to [INITIALIZED]
2026-07-30 13:10:22.504 [restartedMain] DEBUG o.apache.catalina.util.LifecycleBase - Setting state for [org.apache.catalina.webresources.StandardRoot@67e40585] to [STARTING_PREP]
2026-07-30 13:10:22.510 [restartedMain] DEBUG o.apache.catalina.util.LifecycleBase - Setting state for [org.apache.catalina.webresources.DirResourceSet@55652788] to [INITIALIZING]
2026-07-30 13:10:22.512 [restartedMain] DEBUG o.apache.catalina.util.LifecycleBase - Setting state for [org.apache.catalina.webresources.DirResourceSet@55652788] to [INITIALIZED]
2026-07-30 13:10:22.512 [restartedMain] DEBUG o.apache.catalina.util.LifecycleBase - Setting state for [org.apache.catalina.webresources.DirResourceSet@55652788] to [STARTING_PREP]
2026-07-30 13:10:22.513 [restartedMain] DEBUG o.apache.catalina.util.LifecycleBase - Setting state for [org.apache.catalina.webresources.DirResourceSet@55652788] to [STARTING]
2026-07-30 13:10:22.514 [restartedMain] DEBUG o.apache.catalina.util.LifecycleBase - Setting state for [org.apache.catalina.webresources.DirResourceSet@55652788] to [STARTED]
2026-07-30 13:10:22.515 [restartedMain] DEBUG o.apache.catalina.util.LifecycleBase - Setting state for [org.apache.catalina.webresources.StandardRoot@67e40585] to [STARTING]
2026-07-30 13:10:22.515 [restartedMain] DEBUG o.apache.catalina.util.LifecycleBase - Setting state for [org.apache.catalina.webresources.StandardRoot@67e40585] to [STARTED]
2026-07-30 13:10:22.516 [restartedMain] DEBUG o.apache.catalina.util.LifecycleBase - Setting state for [WebappLoader[StandardEngine[Tomcat].StandardHost[localhost].TomcatEmbeddedContext[]]] to [INITIALIZING]
2026-07-30 13:10:22.519 [restartedMain] DEBUG o.apache.catalina.util.LifecycleBase - Setting state for [WebappLoader[StandardEngine[Tomcat].StandardHost[localhost].TomcatEmbeddedContext[]]] to [INITIALIZED]
2026-07-30 13:10:22.519 [restartedMain] DEBUG o.apache.catalina.util.LifecycleBase - Setting state for [WebappLoader[StandardEngine[Tomcat].StandardHost[localhost].TomcatEmbeddedContext[]]] to [STARTING_PREP]
2026-07-30 13:10:22.519 [restartedMain] DEBUG o.a.catalina.loader.WebappLoader - Starting this Loader
2026-07-30 13:10:22.525 [restartedMain] DEBUG o.apache.catalina.webresources.Cache - Increased cache size by [532] for item [org.apache.catalina.webresources.CachedResource@430a036] at [/WEB-INF/classes] making total cache size [532]
2026-07-30 13:10:22.529 [restartedMain] DEBUG o.apache.catalina.util.LifecycleBase - Setting state for [WebappLoader[StandardEngine[Tomcat].StandardHost[localhost].TomcatEmbeddedContext[]]] to [STARTING]
2026-07-30 13:10:22.529 [restartedMain] DEBUG o.apache.catalina.util.LifecycleBase - Setting state for [WebappLoader[StandardEngine[Tomcat].StandardHost[localhost].TomcatEmbeddedContext[]]] to [STARTED]
2026-07-30 13:10:22.555 [restartedMain] DEBUG o.apache.catalina.util.LifecycleBase - Setting state for [org.apache.catalina.webresources.JarResourceSet@4fb262ca] to [INITIALIZING]
2026-07-30 13:10:22.557 [restartedMain] DEBUG o.apache.catalina.util.LifecycleBase - Setting state for [org.apache.catalina.webresources.JarResourceSet@4fb262ca] to [INITIALIZED]
2026-07-30 13:10:22.559 [restartedMain] DEBUG o.apache.catalina.util.LifecycleBase - Setting state for [org.apache.catalina.webresources.JarResourceSet@4fb262ca] to [STARTING_PREP]
2026-07-30 13:10:22.560 [restartedMain] DEBUG o.apache.catalina.util.LifecycleBase - Setting state for [org.apache.catalina.webresources.JarResourceSet@4fb262ca] to [STARTING]
2026-07-30 13:10:22.560 [restartedMain] DEBUG o.apache.catalina.util.LifecycleBase - Setting state for [org.apache.catalina.webresources.JarResourceSet@4fb262ca] to [STARTED]
2026-07-30 13:10:22.561 [restartedMain] DEBUG o.apache.catalina.util.LifecycleBase - Setting state for [StandardPipeline[StandardEngine[Tomcat].StandardHost[localhost].TomcatEmbeddedContext[]]] to [INITIALIZING]
2026-07-30 13:10:22.561 [restartedMain] DEBUG o.apache.catalina.util.LifecycleBase - Setting state for [StandardPipeline[StandardEngine[Tomcat].StandardHost[localhost].TomcatEmbeddedContext[]]] to [INITIALIZED]
2026-07-30 13:10:22.562 [restartedMain] DEBUG o.apache.catalina.util.LifecycleBase - Setting state for [StandardPipeline[StandardEngine[Tomcat].StandardHost[localhost].TomcatEmbeddedContext[]]] to [STARTING_PREP]
2026-07-30 13:10:22.562 [restartedMain] DEBUG o.apache.catalina.util.LifecycleBase - Setting state for [NonLoginAuthenticator[StandardEngine[Tomcat].StandardHost[localhost].TomcatEmbeddedContext[]]] to [INITIALIZING]
2026-07-30 13:10:22.563 [restartedMain] DEBUG o.apache.catalina.util.LifecycleBase - Setting state for [NonLoginAuthenticator[StandardEngine[Tomcat].StandardHost[localhost].TomcatEmbeddedContext[]]] to [INITIALIZED]
2026-07-30 13:10:22.563 [restartedMain] DEBUG o.apache.catalina.util.LifecycleBase - Setting state for [NonLoginAuthenticator[StandardEngine[Tomcat].StandardHost[localhost].TomcatEmbeddedContext[]]] to [STARTING_PREP]
2026-07-30 13:10:22.569 [restartedMain] DEBUG o.apache.catalina.util.LifecycleBase - Setting state for [NonLoginAuthenticator[StandardEngine[Tomcat].StandardHost[localhost].TomcatEmbeddedContext[]]] to [STARTING]
2026-07-30 13:10:22.570 [restartedMain] DEBUG o.apache.catalina.util.LifecycleBase - Setting state for [NonLoginAuthenticator[StandardEngine[Tomcat].StandardHost[localhost].TomcatEmbeddedContext[]]] to [STARTED]
2026-07-30 13:10:22.570 [restartedMain] DEBUG o.apache.catalina.util.LifecycleBase - Setting state for [StandardContextValve[StandardEngine[Tomcat].StandardHost[localhost].TomcatEmbeddedContext[]]] to [INITIALIZING]
2026-07-30 13:10:22.571 [restartedMain] DEBUG o.apache.catalina.util.LifecycleBase - Setting state for [StandardContextValve[StandardEngine[Tomcat].StandardHost[localhost].TomcatEmbeddedContext[]]] to [INITIALIZED]
2026-07-30 13:10:22.571 [restartedMain] DEBUG o.apache.catalina.util.LifecycleBase - Setting state for [StandardContextValve[StandardEngine[Tomcat].StandardHost[localhost].TomcatEmbeddedContext[]]] to [STARTING_PREP]
2026-07-30 13:10:22.572 [restartedMain] DEBUG o.apache.catalina.util.LifecycleBase - Setting state for [StandardContextValve[StandardEngine[Tomcat].StandardHost[localhost].TomcatEmbeddedContext[]]] to [STARTING]
2026-07-30 13:10:22.572 [restartedMain] DEBUG o.apache.catalina.util.LifecycleBase - Setting state for [StandardContextValve[StandardEngine[Tomcat].StandardHost[localhost].TomcatEmbeddedContext[]]] to [STARTED]
2026-07-30 13:10:22.572 [restartedMain] DEBUG o.apache.catalina.util.LifecycleBase - Setting state for [StandardPipeline[StandardEngine[Tomcat].StandardHost[localhost].TomcatEmbeddedContext[]]] to [STARTING]
2026-07-30 13:10:22.573 [restartedMain] DEBUG o.apache.catalina.util.LifecycleBase - Setting state for [StandardPipeline[StandardEngine[Tomcat].StandardHost[localhost].TomcatEmbeddedContext[]]] to [STARTED]
2026-07-30 13:10:22.573 [restartedMain] DEBUG o.apache.catalina.util.LifecycleBase - Setting state for [org.apache.catalina.deploy.NamingResourcesImpl@22d6e23d] to [INITIALIZING]
2026-07-30 13:10:22.574 [restartedMain] DEBUG o.apache.catalina.util.LifecycleBase - Setting state for [org.apache.catalina.deploy.NamingResourcesImpl@22d6e23d] to [INITIALIZED]
2026-07-30 13:10:22.574 [restartedMain] DEBUG o.apache.catalina.util.LifecycleBase - Setting state for [org.apache.catalina.deploy.NamingResourcesImpl@22d6e23d] to [STARTING_PREP]
2026-07-30 13:10:22.575 [restartedMain] DEBUG o.apache.catalina.util.LifecycleBase - Setting state for [org.apache.catalina.deploy.NamingResourcesImpl@22d6e23d] to [STARTING]
2026-07-30 13:10:22.575 [restartedMain] DEBUG o.apache.catalina.util.LifecycleBase - Setting state for [org.apache.catalina.deploy.NamingResourcesImpl@22d6e23d] to [STARTED]
2026-07-30 13:10:22.586 [restartedMain] INFO  o.a.c.c.C.[Tomcat].[localhost].[/] - Initializing Spring embedded WebApplicationContext
2026-07-30 13:10:22.586 [restartedMain] INFO  o.s.b.w.s.c.ServletWebServerApplicationContext - Root WebApplicationContext: initialization completed in 3589 ms
2026-07-30 13:10:22.652 [restartedMain] DEBUG i.m.c.u.i.l.InternalLoggerFactory - Using SLF4J as the default logging framework
2026-07-30 13:10:22.665 [restartedMain] DEBUG o.apache.catalina.webresources.Cache - Increased cache size by [575] for item [org.apache.catalina.webresources.CachedResource@172202fb] at [/WEB-INF/classes/prometheus.properties] making total cache size [1107]
2026-07-30 13:10:22.955 [restartedMain] DEBUG i.n.u.i.l.InternalLoggerFactory - Using SLF4J as the default logging framework
2026-07-30 13:10:22.963 [restartedMain] DEBUG i.l.c.r.AddressResolverGroupProvider - Starting without optional netty's non-blocking DNS resolver library
2026-07-30 13:10:22.964 [restartedMain] DEBUG i.l.c.r.DefaultClientResources - -Dio.netty.eventLoopThreads: 6
2026-07-30 13:10:22.972 [restartedMain] DEBUG i.l.c.r.DefaultEventLoopGroupProvider - Creating executor io.netty.util.concurrent.DefaultEventExecutorGroup
2026-07-30 13:10:22.990 [restartedMain] DEBUG i.n.u.concurrent.GlobalEventExecutor - -Dio.netty.globalEventExecutor.quietPeriodSeconds: 1
2026-07-30 13:10:22.998 [restartedMain] DEBUG i.n.u.i.InternalThreadLocalMap - -Dio.netty.threadLocalMap.stringBuilder.initialSize: 1024
2026-07-30 13:10:22.998 [restartedMain] DEBUG i.n.u.i.InternalThreadLocalMap - -Dio.netty.threadLocalMap.stringBuilder.maxSize: 4096
2026-07-30 13:10:23.005 [restartedMain] DEBUG io.netty.util.ResourceLeakDetector - -Dio.netty.leakDetection.level: simple
2026-07-30 13:10:23.005 [restartedMain] DEBUG io.netty.util.ResourceLeakDetector - -Dio.netty.leakDetection.targetRecords: 4
2026-07-30 13:10:23.007 [restartedMain] DEBUG i.n.util.ResourceLeakDetectorFactory - Loaded default ResourceLeakDetector: io.netty.util.ResourceLeakDetector@1778c41b
2026-07-30 13:10:23.052 [restartedMain] DEBUG i.n.util.internal.PlatformDependent0 - -Dio.netty.noUnsafe: false
2026-07-30 13:10:23.052 [restartedMain] DEBUG i.n.util.internal.PlatformDependent0 - Java version: 17
2026-07-30 13:10:23.054 [restartedMain] DEBUG i.n.util.internal.PlatformDependent0 - sun.misc.Unsafe.theUnsafe: available
2026-07-30 13:10:23.055 [restartedMain] DEBUG i.n.util.internal.PlatformDependent0 - sun.misc.Unsafe base methods: all available
2026-07-30 13:10:23.056 [restartedMain] DEBUG i.n.util.internal.PlatformDependent0 - sun.misc.Unsafe.storeFence: available
2026-07-30 13:10:23.057 [restartedMain] DEBUG i.n.util.internal.PlatformDependent0 - java.nio.Buffer.address: available
2026-07-30 13:10:23.057 [restartedMain] DEBUG i.n.util.internal.PlatformDependent0 - direct buffer constructor: unavailable: Reflective setAccessible(true) disabled
2026-07-30 13:10:23.058 [restartedMain] DEBUG i.n.util.internal.PlatformDependent0 - java.nio.Bits.unaligned: available, true
2026-07-30 13:10:23.060 [restartedMain] DEBUG i.n.util.internal.PlatformDependent0 - jdk.internal.misc.Unsafe.allocateUninitializedArray(int): unavailable: class io.netty.util.internal.PlatformDependent0$7 cannot access class jdk.internal.misc.Unsafe (in module java.base) because module java.base does not export jdk.internal.misc to unnamed module @776ec8df
2026-07-30 13:10:23.062 [restartedMain] DEBUG i.n.util.internal.PlatformDependent0 - java.nio.DirectByteBuffer.<init>(long, {int,long}): unavailable
2026-07-30 13:10:23.062 [restartedMain] DEBUG i.n.util.internal.PlatformDependent - sun.misc.Unsafe: available
2026-07-30 13:10:23.062 [restartedMain] DEBUG i.n.util.internal.PlatformDependent - -Dio.netty.tmpdir: /tmp (java.io.tmpdir)
2026-07-30 13:10:23.062 [restartedMain] DEBUG i.n.util.internal.PlatformDependent - -Dio.netty.bitMode: 64 (sun.arch.data.model)
2026-07-30 13:10:23.064 [restartedMain] DEBUG i.n.util.internal.PlatformDependent - -Dio.netty.maxDirectMemory: -1 bytes
2026-07-30 13:10:23.064 [restartedMain] DEBUG i.n.util.internal.PlatformDependent - -Dio.netty.uninitializedArrayAllocationThreshold: -1
2026-07-30 13:10:23.065 [restartedMain] DEBUG io.netty.util.internal.CleanerJava9 - java.nio.ByteBuffer.cleaner(): available
2026-07-30 13:10:23.066 [restartedMain] DEBUG i.n.util.internal.PlatformDependent - -Dio.netty.noPreferDirect: false
2026-07-30 13:10:23.076 [restartedMain] DEBUG i.n.util.internal.PlatformDependent - org.jctools-core.MpscChunkedArrayQueue: available
2026-07-30 13:10:23.087 [restartedMain] DEBUG reactor.util.Loggers - Using Slf4j logging framework
2026-07-30 13:10:23.092 [restartedMain] DEBUG i.l.c.event.jfr.EventRecorderHolder - Starting with JFR support
2026-07-30 13:10:23.362 [restartedMain] DEBUG io.lettuce.core.RedisClient - Trying to get a Redis connection for: redis://localhost?timeout=1s
2026-07-30 13:10:23.551 [restartedMain] DEBUG i.n.buffer.PooledByteBufAllocator - -Dio.netty.allocator.numHeapArenas: 12
2026-07-30 13:10:23.551 [restartedMain] DEBUG i.n.buffer.PooledByteBufAllocator - -Dio.netty.allocator.numDirectArenas: 12
2026-07-30 13:10:23.552 [restartedMain] DEBUG i.n.buffer.PooledByteBufAllocator - -Dio.netty.allocator.pageSize: 8192
2026-07-30 13:10:23.552 [restartedMain] DEBUG i.n.buffer.PooledByteBufAllocator - -Dio.netty.allocator.maxOrder: 9
2026-07-30 13:10:23.552 [restartedMain] DEBUG i.n.buffer.PooledByteBufAllocator - -Dio.netty.allocator.chunkSize: 4194304
2026-07-30 13:10:23.552 [restartedMain] DEBUG i.n.buffer.PooledByteBufAllocator - -Dio.netty.allocator.smallCacheSize: 256
2026-07-30 13:10:23.552 [restartedMain] DEBUG i.n.buffer.PooledByteBufAllocator - -Dio.netty.allocator.normalCacheSize: 64
2026-07-30 13:10:23.552 [restartedMain] DEBUG i.n.buffer.PooledByteBufAllocator - -Dio.netty.allocator.maxCachedBufferCapacity: 32768
2026-07-30 13:10:23.553 [restartedMain] DEBUG i.n.buffer.PooledByteBufAllocator - -Dio.netty.allocator.cacheTrimInterval: 8192
2026-07-30 13:10:23.553 [restartedMain] DEBUG i.n.buffer.PooledByteBufAllocator - -Dio.netty.allocator.cacheTrimIntervalMillis: 0
2026-07-30 13:10:23.553 [restartedMain] DEBUG i.n.buffer.PooledByteBufAllocator - -Dio.netty.allocator.useCacheForAllThreads: false
2026-07-30 13:10:23.553 [restartedMain] DEBUG i.n.buffer.PooledByteBufAllocator - -Dio.netty.allocator.maxCachedByteBuffersPerChunk: 1023
2026-07-30 13:10:23.553 [restartedMain] DEBUG i.n.buffer.PooledByteBufAllocator - -Dio.netty.allocator.disableCacheFinalizersForFastThreadLocalThreads: false
2026-07-30 13:10:23.565 [restartedMain] DEBUG io.netty.buffer.ByteBufUtil - -Dio.netty.allocator.type: pooled
2026-07-30 13:10:23.565 [restartedMain] DEBUG io.netty.buffer.ByteBufUtil - -Dio.netty.threadLocalDirectBufferSize: 0
2026-07-30 13:10:23.565 [restartedMain] DEBUG io.netty.buffer.ByteBufUtil - -Dio.netty.maxThreadLocalCharBufferSize: 16384
2026-07-30 13:10:23.568 [restartedMain] DEBUG i.l.core.resource.KqueueProvider - Starting without optional kqueue library
2026-07-30 13:10:23.570 [restartedMain] DEBUG i.l.core.resource.IOUringProvider - Starting without optional io_uring library
2026-07-30 13:10:23.571 [restartedMain] DEBUG i.l.core.resource.EpollProvider - Starting without optional epoll library
2026-07-30 13:10:23.576 [restartedMain] DEBUG i.l.c.r.DefaultEventLoopGroupProvider - Allocating executor io.netty.channel.nio.NioEventLoopGroup
2026-07-30 13:10:23.577 [restartedMain] DEBUG i.l.c.r.DefaultEventLoopGroupProvider - Creating executor io.netty.channel.nio.NioEventLoopGroup
2026-07-30 13:10:23.578 [restartedMain] DEBUG i.n.c.MultithreadEventLoopGroup - -Dio.netty.eventLoopThreads: 12
2026-07-30 13:10:23.584 [restartedMain] DEBUG io.netty.channel.nio.NioEventLoop - -Dio.netty.noKeySetOptimization: false
2026-07-30 13:10:23.584 [restartedMain] DEBUG io.netty.channel.nio.NioEventLoop - -Dio.netty.selectorAutoRebuildThreshold: 512
2026-07-30 13:10:23.590 [restartedMain] DEBUG i.l.c.r.DefaultEventLoopGroupProvider - Adding reference to io.netty.channel.nio.NioEventLoopGroup@61ec48bd, existing ref count 0
2026-07-30 13:10:23.690 [restartedMain] DEBUG io.lettuce.core.RedisClient - Resolved SocketAddress localhost/<unresolved>:6379 using redis://localhost?timeout=1s
2026-07-30 13:10:23.691 [restartedMain] DEBUG io.lettuce.core.AbstractRedisClient - Connecting to Redis at localhost/<unresolved>:6379
2026-07-30 13:10:23.704 [restartedMain] DEBUG io.netty.channel.DefaultChannelId - -Dio.netty.processId: 16298 (auto-detected)
2026-07-30 13:10:23.706 [restartedMain] DEBUG io.netty.util.NetUtil - -Djava.net.preferIPv4Stack: false
2026-07-30 13:10:23.706 [restartedMain] DEBUG io.netty.util.NetUtil - -Djava.net.preferIPv6Addresses: false
2026-07-30 13:10:23.709 [restartedMain] DEBUG i.netty.util.NetUtilInitializations - Loopback interface: lo (lo, 0:0:0:0:0:0:0:1%lo)
2026-07-30 13:10:23.710 [restartedMain] DEBUG io.netty.util.NetUtil - /proc/sys/net/core/somaxconn: 4096
2026-07-30 13:10:23.711 [restartedMain] DEBUG io.netty.channel.DefaultChannelId - -Dio.netty.machineId: 00:0c:29:ff:fe:60:28:26 (auto-detected)
2026-07-30 13:10:23.737 [restartedMain] DEBUG i.n.b.ChannelInitializerExtensions - -Dio.netty.bootstrap.extensions: null
2026-07-30 13:10:23.765 [lettuce-nioEventLoop-4-1] DEBUG i.l.core.protocol.CommandHandler - [channel=0x9bdc34a4, [id: 0xca766d79] (inactive), epid=0x1, chid=0x1] channelRegistered()
2026-07-30 13:10:23.770 [lettuce-nioEventLoop-4-1] DEBUG io.netty.util.Recycler - -Dio.netty.recycler.maxCapacityPerThread: 4096
2026-07-30 13:10:23.770 [lettuce-nioEventLoop-4-1] DEBUG io.netty.util.Recycler - -Dio.netty.recycler.ratio: 8
2026-07-30 13:10:23.770 [lettuce-nioEventLoop-4-1] DEBUG io.netty.util.Recycler - -Dio.netty.recycler.chunkSize: 32
2026-07-30 13:10:23.770 [lettuce-nioEventLoop-4-1] DEBUG io.netty.util.Recycler - -Dio.netty.recycler.blocking: false
2026-07-30 13:10:23.770 [lettuce-nioEventLoop-4-1] DEBUG io.netty.util.Recycler - -Dio.netty.recycler.batchFastThreadLocalOnly: true
2026-07-30 13:10:23.779 [lettuce-nioEventLoop-4-1] DEBUG io.netty.buffer.AbstractByteBuf - -Dio.netty.buffer.checkAccessible: true
2026-07-30 13:10:23.779 [lettuce-nioEventLoop-4-1] DEBUG io.netty.buffer.AbstractByteBuf - -Dio.netty.buffer.checkBounds: true
2026-07-30 13:10:23.780 [lettuce-nioEventLoop-4-1] DEBUG i.n.util.ResourceLeakDetectorFactory - Loaded default ResourceLeakDetector: io.netty.util.ResourceLeakDetector@45f3de01
2026-07-30 13:10:23.810 [lettuce-nioEventLoop-4-1] DEBUG i.l.core.protocol.CommandHandler - [channel=0x9bdc34a4, /127.0.0.1:43426 -> localhost/127.0.0.1:6379, epid=0x1, chid=0x1] write(ctx, AsyncCommand [type=HELLO, output=GenericMapOutput [output=null, error='null'], commandType=io.lettuce.core.protocol.Command], promise)
2026-07-30 13:10:23.815 [lettuce-nioEventLoop-4-1] DEBUG i.l.core.protocol.CommandEncoder - [channel=0x9bdc34a4, /127.0.0.1:43426 -> localhost/127.0.0.1:6379] writing command AsyncCommand [type=HELLO, output=GenericMapOutput [output=null, error='null'], commandType=io.lettuce.core.protocol.Command]
2026-07-30 13:10:23.821 [lettuce-nioEventLoop-4-1] DEBUG i.l.core.protocol.CommandHandler - [channel=0x9bdc34a4, /127.0.0.1:43426 -> localhost/127.0.0.1:6379, epid=0x1, chid=0x1] Received: 687 bytes, 1 commands in the stack
2026-07-30 13:10:23.822 [lettuce-nioEventLoop-4-1] DEBUG i.l.core.protocol.CommandHandler - [channel=0x9bdc34a4, /127.0.0.1:43426 -> localhost/127.0.0.1:6379, epid=0x1, chid=0x1] Stack contains: 1 commands
2026-07-30 13:10:23.833 [lettuce-nioEventLoop-4-1] DEBUG i.l.core.protocol.RedisStateMachine - Decode done, empty stack: true
2026-07-30 13:10:23.847 [lettuce-nioEventLoop-4-1] DEBUG i.l.core.protocol.CommandHandler - [channel=0x9bdc34a4, /127.0.0.1:43426 -> localhost/127.0.0.1:6379, epid=0x1, chid=0x1] Completing command LatencyMeteredCommand [type=HELLO, output=GenericMapOutput [output={server=redis, version=8.8.0, proto=3, id=23, mode=standalone, role=master, modules=name, bf=ver, 80800=path, /usr/local/lib/redis/modules//redisbloom.so=args, name=vectorset, ver=1, path=, args=name, search=ver, /usr/local/lib/redis/modules//redisearch.so=args, ReJSON=ver, /usr/local/lib/redis/modules//rejson.so=args}, error='null'], commandType=io.lettuce.core.protocol.AsyncCommand]
2026-07-30 13:10:23.850 [lettuce-nioEventLoop-4-1] DEBUG i.l.core.protocol.CommandHandler - [channel=0x9bdc34a4, /127.0.0.1:43426 -> localhost/127.0.0.1:6379, epid=0x1, chid=0x1] write(ctx, [AsyncCommand [type=CLIENT, output=StatusOutput [output=null, error='null'], commandType=io.lettuce.core.protocol.Command], AsyncCommand [type=CLIENT, output=StatusOutput [output=null, error='null'], commandType=io.lettuce.core.protocol.Command]], promise)
2026-07-30 13:10:23.850 [lettuce-nioEventLoop-4-1] DEBUG i.l.core.protocol.CommandEncoder - [channel=0x9bdc34a4, /127.0.0.1:43426 -> localhost/127.0.0.1:6379] writing command AsyncCommand [type=CLIENT, output=StatusOutput [output=null, error='null'], commandType=io.lettuce.core.protocol.Command]
2026-07-30 13:10:23.851 [lettuce-nioEventLoop-4-1] DEBUG i.l.core.protocol.CommandEncoder - [channel=0x9bdc34a4, /127.0.0.1:43426 -> localhost/127.0.0.1:6379] writing command AsyncCommand [type=CLIENT, output=StatusOutput [output=null, error='null'], commandType=io.lettuce.core.protocol.Command]
2026-07-30 13:10:23.853 [lettuce-nioEventLoop-4-1] DEBUG i.l.core.protocol.CommandHandler - [channel=0x9bdc34a4, /127.0.0.1:43426 -> localhost/127.0.0.1:6379, epid=0x1, chid=0x1] Received: 10 bytes, 2 commands in the stack
2026-07-30 13:10:23.853 [lettuce-nioEventLoop-4-1] DEBUG i.l.core.protocol.CommandHandler - [channel=0x9bdc34a4, /127.0.0.1:43426 -> localhost/127.0.0.1:6379, epid=0x1, chid=0x1] Stack contains: 2 commands
2026-07-30 13:10:23.854 [lettuce-nioEventLoop-4-1] DEBUG i.l.core.protocol.RedisStateMachine - Decode done, empty stack: true
2026-07-30 13:10:23.854 [lettuce-nioEventLoop-4-1] DEBUG i.l.core.protocol.CommandHandler - [channel=0x9bdc34a4, /127.0.0.1:43426 -> localhost/127.0.0.1:6379, epid=0x1, chid=0x1] Completing command LatencyMeteredCommand [type=CLIENT, output=StatusOutput [output=OK, error='null'], commandType=io.lettuce.core.protocol.AsyncCommand]
2026-07-30 13:10:23.854 [lettuce-nioEventLoop-4-1] DEBUG i.l.core.protocol.CommandHandler - [channel=0x9bdc34a4, /127.0.0.1:43426 -> localhost/127.0.0.1:6379, epid=0x1, chid=0x1] Stack contains: 1 commands
2026-07-30 13:10:23.854 [lettuce-nioEventLoop-4-1] DEBUG i.l.core.protocol.RedisStateMachine - Decode done, empty stack: true
2026-07-30 13:10:23.855 [lettuce-nioEventLoop-4-1] DEBUG i.l.core.protocol.CommandHandler - [channel=0x9bdc34a4, /127.0.0.1:43426 -> localhost/127.0.0.1:6379, epid=0x1, chid=0x1] Completing command LatencyMeteredCommand [type=CLIENT, output=StatusOutput [output=OK, error='null'], commandType=io.lettuce.core.protocol.AsyncCommand]
2026-07-30 13:10:23.855 [lettuce-nioEventLoop-4-1] DEBUG i.l.core.protocol.CommandHandler - [channel=0x9bdc34a4, /127.0.0.1:43426 -> localhost/127.0.0.1:6379, epid=0x1, chid=0x1] channelActive()
2026-07-30 13:10:23.856 [lettuce-nioEventLoop-4-1] DEBUG i.l.core.protocol.DefaultEndpoint - [channel=0x9bdc34a4, /127.0.0.1:43426 -> localhost/127.0.0.1:6379, epid=0x1] activateEndpointAndExecuteBufferedCommands 0 command(s) buffered
2026-07-30 13:10:23.856 [lettuce-nioEventLoop-4-1] DEBUG i.l.core.protocol.DefaultEndpoint - [channel=0x9bdc34a4, /127.0.0.1:43426 -> localhost/127.0.0.1:6379, epid=0x1] activating endpoint
2026-07-30 13:10:23.856 [lettuce-nioEventLoop-4-1] DEBUG i.l.core.protocol.DefaultEndpoint - [channel=0x9bdc34a4, /127.0.0.1:43426 -> localhost/127.0.0.1:6379, epid=0x1] flushCommands()
2026-07-30 13:10:23.857 [lettuce-nioEventLoop-4-1] DEBUG i.l.core.protocol.DefaultEndpoint - [channel=0x9bdc34a4, /127.0.0.1:43426 -> localhost/127.0.0.1:6379, epid=0x1] flushCommands() Flushing 0 commands
2026-07-30 13:10:23.859 [lettuce-nioEventLoop-4-1] DEBUG i.l.core.protocol.ConnectionWatchdog - [channel=0x9bdc34a4, /127.0.0.1:43426 -> localhost/127.0.0.1:6379, last known addr=localhost/127.0.0.1:6379] channelActive()
2026-07-30 13:10:23.859 [lettuce-nioEventLoop-4-1] DEBUG i.l.core.protocol.CommandHandler - [channel=0x9bdc34a4, /127.0.0.1:43426 -> localhost/127.0.0.1:6379, epid=0x1, chid=0x1] channelActive() done
2026-07-30 13:10:23.859 [lettuce-nioEventLoop-4-1] DEBUG io.lettuce.core.AbstractRedisClient - Connecting to Redis at localhost/<unresolved>:6379: Success
2026-07-30 13:10:23.877 [restartedMain] DEBUG io.lettuce.core.RedisChannelHandler - dispatching command AsyncCommand [type=CONFIG, output=MapOutput [output={}, error='null'], commandType=io.lettuce.core.protocol.Command]
2026-07-30 13:10:23.881 [restartedMain] DEBUG i.l.core.protocol.DefaultEndpoint - [channel=0x9bdc34a4, /127.0.0.1:43426 -> localhost/127.0.0.1:6379, epid=0x1] write() writeAndFlush command AsyncCommand [type=CONFIG, output=MapOutput [output={}, error='null'], commandType=io.lettuce.core.protocol.Command]
2026-07-30 13:10:23.883 [lettuce-nioEventLoop-4-1] DEBUG i.l.core.protocol.CommandHandler - [channel=0x9bdc34a4, /127.0.0.1:43426 -> localhost/127.0.0.1:6379, epid=0x1, chid=0x1] write(ctx, AsyncCommand [type=CONFIG, output=MapOutput [output={}, error='null'], commandType=io.lettuce.core.protocol.Command], promise)
2026-07-30 13:10:23.883 [lettuce-nioEventLoop-4-1] DEBUG i.l.core.protocol.CommandEncoder - [channel=0x9bdc34a4, /127.0.0.1:43426 -> localhost/127.0.0.1:6379] writing command AsyncCommand [type=CONFIG, output=MapOutput [output={}, error='null'], commandType=io.lettuce.core.protocol.Command]
2026-07-30 13:10:23.884 [restartedMain] DEBUG i.l.core.protocol.DefaultEndpoint - [channel=0x9bdc34a4, /127.0.0.1:43426 -> localhost/127.0.0.1:6379, epid=0x1] write() done
2026-07-30 13:10:23.887 [lettuce-nioEventLoop-4-1] DEBUG i.l.core.protocol.CommandHandler - [channel=0x9bdc34a4, /127.0.0.1:43426 -> localhost/127.0.0.1:6379, epid=0x1, chid=0x1] Received: 41 bytes, 1 commands in the stack
2026-07-30 13:10:23.887 [lettuce-nioEventLoop-4-1] DEBUG i.l.core.protocol.CommandHandler - [channel=0x9bdc34a4, /127.0.0.1:43426 -> localhost/127.0.0.1:6379, epid=0x1, chid=0x1] Stack contains: 1 commands
2026-07-30 13:10:23.887 [lettuce-nioEventLoop-4-1] DEBUG i.l.core.protocol.RedisStateMachine - Decode done, empty stack: true
2026-07-30 13:10:23.888 [lettuce-nioEventLoop-4-1] DEBUG i.l.core.protocol.CommandHandler - [channel=0x9bdc34a4, /127.0.0.1:43426 -> localhost/127.0.0.1:6379, epid=0x1, chid=0x1] Completing command LatencyMeteredCommand [type=CONFIG, output=MapOutput [output={notify-keyspace-events=xE}, error='null'], commandType=io.lettuce.core.protocol.AsyncCommand]
2026-07-30 13:10:23.986 [restartedMain] DEBUG io.lettuce.core.RedisClient - Resolved SocketAddress localhost/<unresolved>:6379 using redis://localhost?timeout=1s
2026-07-30 13:10:23.986 [restartedMain] DEBUG io.lettuce.core.AbstractRedisClient - Connecting to Redis at localhost/<unresolved>:6379
2026-07-30 13:10:23.989 [lettuce-nioEventLoop-4-2] DEBUG i.l.core.protocol.CommandHandler - [channel=0xe02f0e22, [id: 0x4d636089] (inactive), epid=0x2, chid=0x2] channelRegistered()
2026-07-30 13:10:23.996 [lettuce-nioEventLoop-4-2] DEBUG i.l.core.protocol.CommandHandler - [channel=0xe02f0e22, /127.0.0.1:43428 -> localhost/127.0.0.1:6379, epid=0x2, chid=0x2] write(ctx, AsyncCommand [type=HELLO, output=GenericMapOutput [output=null, error='null'], commandType=io.lettuce.core.protocol.Command], promise)
2026-07-30 13:10:23.997 [lettuce-nioEventLoop-4-2] DEBUG i.l.core.protocol.CommandEncoder - [channel=0xe02f0e22, /127.0.0.1:43428 -> localhost/127.0.0.1:6379] writing command AsyncCommand [type=HELLO, output=GenericMapOutput [output=null, error='null'], commandType=io.lettuce.core.protocol.Command]
2026-07-30 13:10:24.002 [lettuce-nioEventLoop-4-2] DEBUG i.l.core.protocol.CommandHandler - [channel=0xe02f0e22, /127.0.0.1:43428 -> localhost/127.0.0.1:6379, epid=0x2, chid=0x2] Received: 687 bytes, 1 commands in the stack
2026-07-30 13:10:24.003 [lettuce-nioEventLoop-4-2] DEBUG i.l.core.protocol.CommandHandler - [channel=0xe02f0e22, /127.0.0.1:43428 -> localhost/127.0.0.1:6379, epid=0x2, chid=0x2] Stack contains: 1 commands
2026-07-30 13:10:24.005 [lettuce-nioEventLoop-4-2] DEBUG i.l.core.protocol.RedisStateMachine - Decode done, empty stack: true
2026-07-30 13:10:24.006 [lettuce-nioEventLoop-4-2] DEBUG i.l.core.protocol.CommandHandler - [channel=0xe02f0e22, /127.0.0.1:43428 -> localhost/127.0.0.1:6379, epid=0x2, chid=0x2] Completing command LatencyMeteredCommand [type=HELLO, output=GenericMapOutput [output=null, error='null'], commandType=io.lettuce.core.protocol.AsyncCommand]
2026-07-30 13:10:24.012 [lettuce-nioEventLoop-4-2] DEBUG i.l.core.protocol.CommandHandler - [channel=0xe02f0e22, /127.0.0.1:43428 -> localhost/127.0.0.1:6379, epid=0x2, chid=0x2] write(ctx, [AsyncCommand [type=CLIENT, output=StatusOutput [output=null, error='null'], commandType=io.lettuce.core.protocol.Command], AsyncCommand [type=CLIENT, output=StatusOutput [output=null, error='null'], commandType=io.lettuce.core.protocol.Command]], promise)
2026-07-30 13:10:24.013 [lettuce-nioEventLoop-4-2] DEBUG i.l.core.protocol.CommandEncoder - [channel=0xe02f0e22, /127.0.0.1:43428 -> localhost/127.0.0.1:6379] writing command AsyncCommand [type=CLIENT, output=StatusOutput [output=null, error='null'], commandType=io.lettuce.core.protocol.Command]
2026-07-30 13:10:24.013 [lettuce-nioEventLoop-4-2] DEBUG i.l.core.protocol.CommandEncoder - [channel=0xe02f0e22, /127.0.0.1:43428 -> localhost/127.0.0.1:6379] writing command AsyncCommand [type=CLIENT, output=StatusOutput [output=null, error='null'], commandType=io.lettuce.core.protocol.Command]
2026-07-30 13:10:24.015 [lettuce-nioEventLoop-4-2] DEBUG i.l.core.protocol.CommandHandler - [channel=0xe02f0e22, /127.0.0.1:43428 -> localhost/127.0.0.1:6379, epid=0x2, chid=0x2] Received: 10 bytes, 2 commands in the stack
2026-07-30 13:10:24.015 [lettuce-nioEventLoop-4-2] DEBUG i.l.core.protocol.CommandHandler - [channel=0xe02f0e22, /127.0.0.1:43428 -> localhost/127.0.0.1:6379, epid=0x2, chid=0x2] Stack contains: 2 commands
2026-07-30 13:10:24.015 [lettuce-nioEventLoop-4-2] DEBUG i.l.core.protocol.RedisStateMachine - Decode done, empty stack: true
2026-07-30 13:10:24.016 [lettuce-nioEventLoop-4-2] DEBUG i.l.core.protocol.CommandHandler - [channel=0xe02f0e22, /127.0.0.1:43428 -> localhost/127.0.0.1:6379, epid=0x2, chid=0x2] Completing command LatencyMeteredCommand [type=CLIENT, output=StatusOutput [output=null, error='null'], commandType=io.lettuce.core.protocol.AsyncCommand]
2026-07-30 13:10:24.016 [lettuce-nioEventLoop-4-2] DEBUG i.l.core.protocol.CommandHandler - [channel=0xe02f0e22, /127.0.0.1:43428 -> localhost/127.0.0.1:6379, epid=0x2, chid=0x2] Stack contains: 1 commands
2026-07-30 13:10:24.016 [lettuce-nioEventLoop-4-2] DEBUG i.l.core.protocol.RedisStateMachine - Decode done, empty stack: true
2026-07-30 13:10:24.017 [lettuce-nioEventLoop-4-2] DEBUG i.l.core.protocol.CommandHandler - [channel=0xe02f0e22, /127.0.0.1:43428 -> localhost/127.0.0.1:6379, epid=0x2, chid=0x2] Completing command LatencyMeteredCommand [type=CLIENT, output=StatusOutput [output=null, error='null'], commandType=io.lettuce.core.protocol.AsyncCommand]
2026-07-30 13:10:24.017 [lettuce-nioEventLoop-4-2] DEBUG i.l.core.protocol.CommandHandler - [channel=0xe02f0e22, /127.0.0.1:43428 -> localhost/127.0.0.1:6379, epid=0x2, chid=0x2] channelActive()
2026-07-30 13:10:24.018 [lettuce-nioEventLoop-4-2] DEBUG i.l.core.protocol.DefaultEndpoint - [channel=0xe02f0e22, /127.0.0.1:43428 -> localhost/127.0.0.1:6379, epid=0x2] activateEndpointAndExecuteBufferedCommands 0 command(s) buffered
2026-07-30 13:10:24.018 [lettuce-nioEventLoop-4-2] DEBUG i.l.core.protocol.DefaultEndpoint - [channel=0xe02f0e22, /127.0.0.1:43428 -> localhost/127.0.0.1:6379, epid=0x2] activating endpoint
2026-07-30 13:10:24.018 [lettuce-nioEventLoop-4-2] DEBUG i.l.core.protocol.DefaultEndpoint - [channel=0xe02f0e22, /127.0.0.1:43428 -> localhost/127.0.0.1:6379, epid=0x2] flushCommands()
2026-07-30 13:10:24.019 [lettuce-nioEventLoop-4-2] DEBUG i.l.core.protocol.DefaultEndpoint - [channel=0xe02f0e22, /127.0.0.1:43428 -> localhost/127.0.0.1:6379, epid=0x2] flushCommands() Flushing 0 commands
2026-07-30 13:10:24.019 [lettuce-nioEventLoop-4-2] DEBUG i.l.core.protocol.ConnectionWatchdog - [channel=0xe02f0e22, /127.0.0.1:43428 -> localhost/127.0.0.1:6379, last known addr=localhost/127.0.0.1:6379] channelActive()
2026-07-30 13:10:24.019 [lettuce-nioEventLoop-4-2] DEBUG i.l.core.protocol.CommandHandler - [channel=0xe02f0e22, /127.0.0.1:43428 -> localhost/127.0.0.1:6379, epid=0x2, chid=0x2] channelActive() done
2026-07-30 13:10:24.020 [lettuce-nioEventLoop-4-2] DEBUG io.lettuce.core.AbstractRedisClient - Connecting to Redis at localhost/<unresolved>:6379: Success
2026-07-30 13:10:24.027 [restartedMain] DEBUG io.lettuce.core.RedisChannelHandler - dispatching command AsyncCommand [type=PSUBSCRIBE, output=PubSubOutput [output=null, error='null'], commandType=io.lettuce.core.protocol.Command]
2026-07-30 13:10:24.027 [restartedMain] DEBUG i.l.core.protocol.DefaultEndpoint - [channel=0xe02f0e22, /127.0.0.1:43428 -> localhost/127.0.0.1:6379, epid=0x2] write() writeAndFlush command AsyncCommand [type=PSUBSCRIBE, output=PubSubOutput [output=null, error='null'], commandType=io.lettuce.core.protocol.Command]
2026-07-30 13:10:24.027 [restartedMain] DEBUG i.l.core.protocol.DefaultEndpoint - [channel=0xe02f0e22, /127.0.0.1:43428 -> localhost/127.0.0.1:6379, epid=0x2] write() done
2026-07-30 13:10:24.027 [lettuce-nioEventLoop-4-2] DEBUG i.l.core.protocol.CommandHandler - [channel=0xe02f0e22, /127.0.0.1:43428 -> localhost/127.0.0.1:6379, epid=0x2, chid=0x2] write(ctx, AsyncCommand [type=PSUBSCRIBE, output=PubSubOutput [output=null, error='null'], commandType=io.lettuce.core.protocol.Command], promise)
2026-07-30 13:10:24.029 [lettuce-nioEventLoop-4-2] DEBUG i.l.core.protocol.CommandEncoder - [channel=0xe02f0e22, /127.0.0.1:43428 -> localhost/127.0.0.1:6379] writing command AsyncCommand [type=PSUBSCRIBE, output=PubSubOutput [output=null, error='null'], commandType=io.lettuce.core.protocol.Command]
2026-07-30 13:10:24.032 [lettuce-nioEventLoop-4-2] DEBUG i.l.core.protocol.CommandHandler - [channel=0xe02f0e22, /127.0.0.1:43428 -> localhost/127.0.0.1:6379, epid=0x2, chid=0x2] Received: 54 bytes, 1 commands in the stack
2026-07-30 13:10:24.034 [lettuce-nioEventLoop-4-2] DEBUG i.l.core.protocol.RedisStateMachine - Decode done, empty stack: true
2026-07-30 13:10:24.222 [restartedMain] DEBUG o.apache.catalina.core.ContainerBase - Add container child [StandardWrapper[dispatcherServlet]] to container [StandardEngine[Tomcat].StandardHost[localhost].TomcatEmbeddedContext[]]
2026-07-30 13:10:24.222 [restartedMain] DEBUG o.apache.catalina.util.LifecycleBase - Setting state for [StandardEngine[Tomcat].StandardHost[localhost].TomcatEmbeddedContext[].StandardWrapper[dispatcherServlet]] to [INITIALIZING]
2026-07-30 13:10:24.223 [restartedMain] DEBUG o.apache.catalina.util.LifecycleBase - Setting state for [StandardEngine[Tomcat].StandardHost[localhost].TomcatEmbeddedContext[].StandardWrapper[dispatcherServlet]] to [INITIALIZED]
2026-07-30 13:10:24.223 [restartedMain] DEBUG o.apache.catalina.util.LifecycleBase - Setting state for [StandardEngine[Tomcat].StandardHost[localhost].TomcatEmbeddedContext[].StandardWrapper[dispatcherServlet]] to [STARTING_PREP]
2026-07-30 13:10:24.234 [restartedMain] DEBUG o.apache.catalina.util.LifecycleBase - Setting state for [StandardPipeline[StandardEngine[Tomcat].StandardHost[localhost].TomcatEmbeddedContext[].StandardWrapper[dispatcherServlet]]] to [INITIALIZING]
2026-07-30 13:10:24.234 [restartedMain] DEBUG o.apache.catalina.util.LifecycleBase - Setting state for [StandardPipeline[StandardEngine[Tomcat].StandardHost[localhost].TomcatEmbeddedContext[].StandardWrapper[dispatcherServlet]]] to [INITIALIZED]
2026-07-30 13:10:24.234 [restartedMain] DEBUG o.apache.catalina.util.LifecycleBase - Setting state for [StandardPipeline[StandardEngine[Tomcat].StandardHost[localhost].TomcatEmbeddedContext[].StandardWrapper[dispatcherServlet]]] to [STARTING_PREP]
2026-07-30 13:10:24.235 [restartedMain] DEBUG o.apache.catalina.util.LifecycleBase - Setting state for [StandardWrapperValve[StandardEngine[Tomcat].StandardHost[localhost].TomcatEmbeddedContext[].StandardWrapper[dispatcherServlet]]] to [INITIALIZING]
2026-07-30 13:10:24.235 [restartedMain] DEBUG o.apache.catalina.util.LifecycleBase - Setting state for [StandardWrapperValve[StandardEngine[Tomcat].StandardHost[localhost].TomcatEmbeddedContext[].StandardWrapper[dispatcherServlet]]] to [INITIALIZED]
2026-07-30 13:10:24.235 [restartedMain] DEBUG o.apache.catalina.util.LifecycleBase - Setting state for [StandardWrapperValve[StandardEngine[Tomcat].StandardHost[localhost].TomcatEmbeddedContext[].StandardWrapper[dispatcherServlet]]] to [STARTING_PREP]
2026-07-30 13:10:24.235 [restartedMain] DEBUG o.apache.catalina.util.LifecycleBase - Setting state for [StandardWrapperValve[StandardEngine[Tomcat].StandardHost[localhost].TomcatEmbeddedContext[].StandardWrapper[dispatcherServlet]]] to [STARTING]
2026-07-30 13:10:24.236 [restartedMain] DEBUG o.apache.catalina.util.LifecycleBase - Setting state for [StandardWrapperValve[StandardEngine[Tomcat].StandardHost[localhost].TomcatEmbeddedContext[].StandardWrapper[dispatcherServlet]]] to [STARTED]
2026-07-30 13:10:24.236 [restartedMain] DEBUG o.apache.catalina.util.LifecycleBase - Setting state for [StandardPipeline[StandardEngine[Tomcat].StandardHost[localhost].TomcatEmbeddedContext[].StandardWrapper[dispatcherServlet]]] to [STARTING]
2026-07-30 13:10:24.236 [restartedMain] DEBUG o.apache.catalina.util.LifecycleBase - Setting state for [StandardPipeline[StandardEngine[Tomcat].StandardHost[localhost].TomcatEmbeddedContext[].StandardWrapper[dispatcherServlet]]] to [STARTED]
2026-07-30 13:10:24.236 [restartedMain] DEBUG o.apache.catalina.util.LifecycleBase - Setting state for [StandardEngine[Tomcat].StandardHost[localhost].TomcatEmbeddedContext[].StandardWrapper[dispatcherServlet]] to [STARTING]
2026-07-30 13:10:24.237 [restartedMain] DEBUG o.apache.catalina.util.LifecycleBase - Setting state for [StandardEngine[Tomcat].StandardHost[localhost].TomcatEmbeddedContext[].StandardWrapper[dispatcherServlet]] to [STARTED]
2026-07-30 13:10:24.239 [restartedMain] DEBUG o.apache.catalina.core.ContainerBase - Add container child [StandardWrapper[h2Console]] to container [StandardEngine[Tomcat].StandardHost[localhost].TomcatEmbeddedContext[]]
2026-07-30 13:10:24.240 [restartedMain] DEBUG o.apache.catalina.util.LifecycleBase - Setting state for [StandardEngine[Tomcat].StandardHost[localhost].TomcatEmbeddedContext[].StandardWrapper[h2Console]] to [INITIALIZING]
2026-07-30 13:10:24.240 [restartedMain] DEBUG o.apache.catalina.util.LifecycleBase - Setting state for [StandardEngine[Tomcat].StandardHost[localhost].TomcatEmbeddedContext[].StandardWrapper[h2Console]] to [INITIALIZED]
2026-07-30 13:10:24.240 [restartedMain] DEBUG o.apache.catalina.util.LifecycleBase - Setting state for [StandardEngine[Tomcat].StandardHost[localhost].TomcatEmbeddedContext[].StandardWrapper[h2Console]] to [STARTING_PREP]
2026-07-30 13:10:24.241 [restartedMain] DEBUG o.apache.catalina.util.LifecycleBase - Setting state for [StandardPipeline[StandardEngine[Tomcat].StandardHost[localhost].TomcatEmbeddedContext[].StandardWrapper[h2Console]]] to [INITIALIZING]
2026-07-30 13:10:24.241 [restartedMain] DEBUG o.apache.catalina.util.LifecycleBase - Setting state for [StandardPipeline[StandardEngine[Tomcat].StandardHost[localhost].TomcatEmbeddedContext[].StandardWrapper[h2Console]]] to [INITIALIZED]
2026-07-30 13:10:24.241 [restartedMain] DEBUG o.apache.catalina.util.LifecycleBase - Setting state for [StandardPipeline[StandardEngine[Tomcat].StandardHost[localhost].TomcatEmbeddedContext[].StandardWrapper[h2Console]]] to [STARTING_PREP]
2026-07-30 13:10:24.241 [restartedMain] DEBUG o.apache.catalina.util.LifecycleBase - Setting state for [StandardWrapperValve[StandardEngine[Tomcat].StandardHost[localhost].TomcatEmbeddedContext[].StandardWrapper[h2Console]]] to [INITIALIZING]
2026-07-30 13:10:24.242 [restartedMain] DEBUG o.apache.catalina.util.LifecycleBase - Setting state for [StandardWrapperValve[StandardEngine[Tomcat].StandardHost[localhost].TomcatEmbeddedContext[].StandardWrapper[h2Console]]] to [INITIALIZED]
2026-07-30 13:10:24.242 [restartedMain] DEBUG o.apache.catalina.util.LifecycleBase - Setting state for [StandardWrapperValve[StandardEngine[Tomcat].StandardHost[localhost].TomcatEmbeddedContext[].StandardWrapper[h2Console]]] to [STARTING_PREP]
2026-07-30 13:10:24.242 [restartedMain] DEBUG o.apache.catalina.util.LifecycleBase - Setting state for [StandardWrapperValve[StandardEngine[Tomcat].StandardHost[localhost].TomcatEmbeddedContext[].StandardWrapper[h2Console]]] to [STARTING]
2026-07-30 13:10:24.242 [restartedMain] DEBUG o.apache.catalina.util.LifecycleBase - Setting state for [StandardWrapperValve[StandardEngine[Tomcat].StandardHost[localhost].TomcatEmbeddedContext[].StandardWrapper[h2Console]]] to [STARTED]
2026-07-30 13:10:24.243 [restartedMain] DEBUG o.apache.catalina.util.LifecycleBase - Setting state for [StandardPipeline[StandardEngine[Tomcat].StandardHost[localhost].TomcatEmbeddedContext[].StandardWrapper[h2Console]]] to [STARTING]
2026-07-30 13:10:24.243 [restartedMain] DEBUG o.apache.catalina.util.LifecycleBase - Setting state for [StandardPipeline[StandardEngine[Tomcat].StandardHost[localhost].TomcatEmbeddedContext[].StandardWrapper[h2Console]]] to [STARTED]
2026-07-30 13:10:24.243 [restartedMain] DEBUG o.apache.catalina.util.LifecycleBase - Setting state for [StandardEngine[Tomcat].StandardHost[localhost].TomcatEmbeddedContext[].StandardWrapper[h2Console]] to [STARTING]
2026-07-30 13:10:24.243 [restartedMain] DEBUG o.apache.catalina.util.LifecycleBase - Setting state for [StandardEngine[Tomcat].StandardHost[localhost].TomcatEmbeddedContext[].StandardWrapper[h2Console]] to [STARTED]
2026-07-30 13:10:24.265 [restartedMain] DEBUG o.apache.catalina.util.LifecycleBase - Setting state for [StandardManager[StandardEngine[Tomcat].StandardHost[localhost].TomcatEmbeddedContext[]]] to [INITIALIZING]
2026-07-30 13:10:24.266 [restartedMain] DEBUG o.apache.catalina.util.LifecycleBase - Setting state for [StandardManager[StandardEngine[Tomcat].StandardHost[localhost].TomcatEmbeddedContext[]]] to [INITIALIZED]
2026-07-30 13:10:24.266 [restartedMain] DEBUG o.apache.catalina.util.LifecycleBase - Setting state for [StandardManager[StandardEngine[Tomcat].StandardHost[localhost].TomcatEmbeddedContext[]]] to [STARTING_PREP]
2026-07-30 13:10:24.266 [restartedMain] DEBUG o.apache.catalina.util.LifecycleBase - Setting state for [org.springframework.boot.web.embedded.tomcat.LazySessionIdGenerator@2c91e8b3] to [INITIALIZING]
2026-07-30 13:10:24.266 [restartedMain] DEBUG o.apache.catalina.util.LifecycleBase - Setting state for [org.springframework.boot.web.embedded.tomcat.LazySessionIdGenerator@2c91e8b3] to [INITIALIZED]
2026-07-30 13:10:24.267 [restartedMain] DEBUG o.apache.catalina.util.LifecycleBase - Setting state for [org.springframework.boot.web.embedded.tomcat.LazySessionIdGenerator@2c91e8b3] to [STARTING_PREP]
2026-07-30 13:10:24.267 [restartedMain] DEBUG o.apache.catalina.util.LifecycleBase - Setting state for [org.springframework.boot.web.embedded.tomcat.LazySessionIdGenerator@2c91e8b3] to [STARTING]
2026-07-30 13:10:24.267 [restartedMain] DEBUG o.apache.catalina.util.LifecycleBase - Setting state for [org.springframework.boot.web.embedded.tomcat.LazySessionIdGenerator@2c91e8b3] to [STARTED]
2026-07-30 13:10:24.272 [restartedMain] DEBUG o.a.catalina.session.StandardManager - Persisted data file [/tmp/ACFEFFFB641B7BD0609815101683ACFBBB7602B0/servlet-sessions/SESSIONS.ser] was not found
2026-07-30 13:10:24.272 [restartedMain] DEBUG o.apache.catalina.util.LifecycleBase - Setting state for [StandardManager[StandardEngine[Tomcat].StandardHost[localhost].TomcatEmbeddedContext[]]] to [STARTING]
2026-07-30 13:10:24.272 [restartedMain] DEBUG o.apache.catalina.util.LifecycleBase - Setting state for [StandardManager[StandardEngine[Tomcat].StandardHost[localhost].TomcatEmbeddedContext[]]] to [STARTED]
2026-07-30 13:10:24.280 [restartedMain] DEBUG c.t.g.s.JwtAuthenticationFilter - Filter 'jwtAuthenticationFilter' configured for use
2026-07-30 13:10:24.281 [restartedMain] DEBUG o.s.w.f.ServerHttpObservationFilter - Filter 'webMvcObservationFilter' configured for use
2026-07-30 13:10:24.282 [restartedMain] DEBUG o.apache.catalina.util.LifecycleBase - Setting state for [StandardEngine[Tomcat].StandardHost[localhost].TomcatEmbeddedContext[]] to [STARTING]
2026-07-30 13:10:24.282 [restartedMain] DEBUG o.apache.catalina.util.LifecycleBase - Setting state for [StandardEngine[Tomcat].StandardHost[localhost].TomcatEmbeddedContext[]] to [STARTED]
2026-07-30 13:10:24.283 [restartedMain] DEBUG o.apache.catalina.util.LifecycleBase - Setting state for [StandardPipeline[StandardEngine[Tomcat].StandardHost[localhost]]] to [INITIALIZING]
2026-07-30 13:10:24.283 [restartedMain] DEBUG o.apache.catalina.util.LifecycleBase - Setting state for [StandardPipeline[StandardEngine[Tomcat].StandardHost[localhost]]] to [INITIALIZED]
2026-07-30 13:10:24.283 [restartedMain] DEBUG o.apache.catalina.util.LifecycleBase - Setting state for [StandardPipeline[StandardEngine[Tomcat].StandardHost[localhost]]] to [STARTING_PREP]
2026-07-30 13:10:24.283 [restartedMain] DEBUG o.apache.catalina.util.LifecycleBase - Setting state for [ErrorReportValve[StandardEngine[Tomcat].StandardHost[localhost]]] to [INITIALIZING]
2026-07-30 13:10:24.284 [restartedMain] DEBUG o.apache.catalina.util.LifecycleBase - Setting state for [ErrorReportValve[StandardEngine[Tomcat].StandardHost[localhost]]] to [INITIALIZED]
2026-07-30 13:10:24.284 [restartedMain] DEBUG o.apache.catalina.util.LifecycleBase - Setting state for [ErrorReportValve[StandardEngine[Tomcat].StandardHost[localhost]]] to [STARTING_PREP]
2026-07-30 13:10:24.284 [restartedMain] DEBUG o.apache.catalina.util.LifecycleBase - Setting state for [ErrorReportValve[StandardEngine[Tomcat].StandardHost[localhost]]] to [STARTING]
2026-07-30 13:10:24.284 [restartedMain] DEBUG o.apache.catalina.util.LifecycleBase - Setting state for [ErrorReportValve[StandardEngine[Tomcat].StandardHost[localhost]]] to [STARTED]
2026-07-30 13:10:24.285 [restartedMain] DEBUG o.apache.catalina.util.LifecycleBase - Setting state for [StandardHostValve[StandardEngine[Tomcat].StandardHost[localhost]]] to [INITIALIZING]
2026-07-30 13:10:24.285 [restartedMain] DEBUG o.apache.catalina.util.LifecycleBase - Setting state for [StandardHostValve[StandardEngine[Tomcat].StandardHost[localhost]]] to [INITIALIZED]
2026-07-30 13:10:24.285 [restartedMain] DEBUG o.apache.catalina.util.LifecycleBase - Setting state for [StandardHostValve[StandardEngine[Tomcat].StandardHost[localhost]]] to [STARTING_PREP]
2026-07-30 13:10:24.285 [restartedMain] DEBUG o.apache.catalina.util.LifecycleBase - Setting state for [StandardHostValve[StandardEngine[Tomcat].StandardHost[localhost]]] to [STARTING]
2026-07-30 13:10:24.286 [restartedMain] DEBUG o.apache.catalina.util.LifecycleBase - Setting state for [StandardHostValve[StandardEngine[Tomcat].StandardHost[localhost]]] to [STARTED]
2026-07-30 13:10:24.286 [restartedMain] DEBUG o.apache.catalina.util.LifecycleBase - Setting state for [StandardPipeline[StandardEngine[Tomcat].StandardHost[localhost]]] to [STARTING]
2026-07-30 13:10:24.286 [restartedMain] DEBUG o.apache.catalina.util.LifecycleBase - Setting state for [StandardPipeline[StandardEngine[Tomcat].StandardHost[localhost]]] to [STARTED]
2026-07-30 13:10:24.286 [restartedMain] DEBUG o.apache.catalina.util.LifecycleBase - Setting state for [StandardEngine[Tomcat].StandardHost[localhost]] to [STARTING]
2026-07-30 13:10:24.286 [restartedMain] DEBUG o.apache.catalina.util.LifecycleBase - Setting state for [StandardEngine[Tomcat].StandardHost[localhost]] to [STARTED]
2026-07-30 13:10:24.287 [restartedMain] DEBUG o.apache.catalina.util.LifecycleBase - Setting state for [StandardPipeline[StandardEngine[Tomcat]]] to [INITIALIZING]
2026-07-30 13:10:24.287 [restartedMain] DEBUG o.apache.catalina.util.LifecycleBase - Setting state for [StandardPipeline[StandardEngine[Tomcat]]] to [INITIALIZED]
2026-07-30 13:10:24.287 [restartedMain] DEBUG o.apache.catalina.util.LifecycleBase - Setting state for [StandardPipeline[StandardEngine[Tomcat]]] to [STARTING_PREP]
2026-07-30 13:10:24.287 [restartedMain] DEBUG o.apache.catalina.util.LifecycleBase - Setting state for [StandardEngineValve[StandardEngine[Tomcat]]] to [INITIALIZING]
2026-07-30 13:10:24.287 [restartedMain] DEBUG o.apache.catalina.util.LifecycleBase - Setting state for [StandardEngineValve[StandardEngine[Tomcat]]] to [INITIALIZED]
2026-07-30 13:10:24.288 [restartedMain] DEBUG o.apache.catalina.util.LifecycleBase - Setting state for [StandardEngineValve[StandardEngine[Tomcat]]] to [STARTING_PREP]
2026-07-30 13:10:24.291 [restartedMain] DEBUG o.apache.catalina.util.LifecycleBase - Setting state for [StandardEngineValve[StandardEngine[Tomcat]]] to [STARTING]
2026-07-30 13:10:24.291 [restartedMain] DEBUG o.apache.catalina.util.LifecycleBase - Setting state for [StandardEngineValve[StandardEngine[Tomcat]]] to [STARTED]
2026-07-30 13:10:24.291 [restartedMain] DEBUG o.apache.catalina.util.LifecycleBase - Setting state for [StandardPipeline[StandardEngine[Tomcat]]] to [STARTING]
2026-07-30 13:10:24.291 [restartedMain] DEBUG o.apache.catalina.util.LifecycleBase - Setting state for [StandardPipeline[StandardEngine[Tomcat]]] to [STARTED]
2026-07-30 13:10:24.291 [restartedMain] DEBUG o.apache.catalina.util.LifecycleBase - Setting state for [StandardEngine[Tomcat]] to [STARTING]
2026-07-30 13:10:24.293 [restartedMain] DEBUG o.apache.catalina.util.LifecycleBase - Setting state for [StandardEngine[Tomcat]] to [STARTED]
2026-07-30 13:10:24.294 [restartedMain] DEBUG o.apache.catalina.util.LifecycleBase - Setting state for [org.apache.catalina.mapper.MapperListener@172fc26b] to [STARTING_PREP]
2026-07-30 13:10:24.294 [restartedMain] DEBUG o.apache.catalina.util.LifecycleBase - Setting state for [org.apache.catalina.mapper.MapperListener@172fc26b] to [STARTING]
2026-07-30 13:10:24.295 [restartedMain] DEBUG org.apache.catalina.mapper.Mapper - Registered host [localhost]
2026-07-30 13:10:24.295 [restartedMain] DEBUG o.a.catalina.mapper.MapperListener - Register Wrapper [h2Console] in Context [] for service [StandardService[Tomcat]]
2026-07-30 13:10:24.295 [restartedMain] DEBUG o.a.catalina.mapper.MapperListener - Register Wrapper [dispatcherServlet] in Context [] for service [StandardService[Tomcat]]
2026-07-30 13:10:24.296 [restartedMain] DEBUG o.a.catalina.mapper.MapperListener - Register Context [] for service [StandardService[Tomcat]]
2026-07-30 13:10:24.296 [restartedMain] DEBUG o.a.catalina.mapper.MapperListener - Register host [localhost] at domain [null] for service [StandardService[Tomcat]]
2026-07-30 13:10:24.296 [restartedMain] DEBUG o.apache.catalina.util.LifecycleBase - Setting state for [org.apache.catalina.mapper.MapperListener@172fc26b] to [STARTED]
2026-07-30 13:10:24.296 [restartedMain] DEBUG o.apache.catalina.util.LifecycleBase - Setting state for [StandardService[Tomcat]] to [STARTED]
2026-07-30 13:10:24.297 [restartedMain] DEBUG o.apache.catalina.util.LifecycleBase - Setting state for [StandardServer[-1]] to [STARTED]
2026-07-30 13:10:24.326 [restartedMain] INFO  o.s.b.d.a.OptionalLiveReloadServer - LiveReload server is running on port 35729
2026-07-30 13:10:24.508 [restartedMain] INFO  com.zaxxer.hikari.HikariDataSource - HikariPool-1 - Starting...
2026-07-30 13:10:24.741 [restartedMain] INFO  com.zaxxer.hikari.pool.HikariPool - HikariPool-1 - Added connection com.mysql.cj.jdbc.ConnectionImpl@1d3a3e1a
2026-07-30 13:10:24.743 [restartedMain] INFO  com.zaxxer.hikari.HikariDataSource - HikariPool-1 - Start completed.
2026-07-30 13:10:25.357 [restartedMain] INFO  o.s.o.j.p.SpringPersistenceUnitInfo - No LoadTimeWeaver setup: ignoring JPA class transformer
2026-07-30 13:10:27.011 [restartedMain] INFO  o.s.o.j.LocalContainerEntityManagerFactoryBean - Initialized JPA EntityManagerFactory for persistence unit 'default'
2026-07-30 13:10:27.423 [restartedMain] INFO  o.s.d.j.r.query.QueryEnhancerFactory - Hibernate is in classpath; If applicable, HQL parser will be used.
2026-07-30 13:10:28.896 [restartedMain] WARN  o.s.b.a.o.j.JpaBaseConfiguration$JpaWebConfiguration - spring.jpa.open-in-view is enabled by default. Therefore, database queries may be performed during view rendering. Explicitly configure spring.jpa.open-in-view to disable this warning
2026-07-30 13:10:29.080 [restartedMain] INFO  o.s.s.c.a.a.c.InitializeUserDetailsBeanManagerConfigurer$InitializeUserDetailsManagerConfigurer - Global AuthenticationManager configured with UserDetailsService bean with name inMemoryUserDetailsManager
2026-07-30 13:10:29.191 [restartedMain] DEBUG o.apache.catalina.webresources.Cache - Increased cache size by [521] for item [org.apache.catalina.webresources.CachedResource@60634033] at [/index.html] making total cache size [1628]
2026-07-30 13:10:29.260 [restartedMain] DEBUG _.s.w.s.HandlerMapping.Mappings - 
	c.t.d.a.a.AuthController:
	{POST [/api/v1/auth/login]}: login(UsernamePasswordRequest)
	{POST [/api/v1/auth/logout]}: logout()
	{POST [/api/v1/auth/refresh]}: refreshToken(RefreshTokenRequest)
	{POST [/api/v1/auth/register]}: register(RegisterRequest)
2026-07-30 13:10:29.272 [restartedMain] DEBUG _.s.w.s.HandlerMapping.Mappings - 
	c.t.d.b.a.BookingController:
	{POST [/api/v1/bookings/hold-seats]}: holdSeats(HoldSeatsRequest)
	{POST [/api/v1/bookings]}: createBooking(CreateBookingRequest)
	{GET [/api/v1/bookings]}: getUserBookings(BookingStatus,Pageable)
	{GET [/api/v1/bookings/{id}]}: getBookingDetail(Long)
	{DELETE [/api/v1/bookings/{id}]}: cancelBooking(Long)
2026-07-30 13:10:29.281 [restartedMain] DEBUG _.s.w.s.HandlerMapping.Mappings - 
	c.t.d.c.a.CinemaController:
	{GET [/api/v1/cinemas]}: getAllCinemas(int,int,String,String,String)
2026-07-30 13:10:29.285 [restartedMain] DEBUG _.s.w.s.HandlerMapping.Mappings - 
	c.t.d.m.a.MovieController:
	{GET [/api/v1/movies/search]}: searchMovies(String)
	{GET [/api/v1/movies]}: getAllMovies(MovieStatus,String,String)
	{GET [/api/v1/movies/{id}]}: getMovieById(Long)
2026-07-30 13:10:29.287 [restartedMain] DEBUG _.s.w.s.HandlerMapping.Mappings - 
	c.t.d.p.a.PaymentController:
	{POST [/api/v1/payments]}: initiatePayment(PaymentRequest,HttpServletRequest)
	{POST [/api/v1/payments/{id}/verify]}: verifyPayment(Long)
	{GET [/api/v1/payments/callback]}: handlePaymentCallback(Map)
2026-07-30 13:10:29.290 [restartedMain] DEBUG _.s.w.s.HandlerMapping.Mappings - 
	c.t.d.s.a.ShowtimeController:
	{GET [/api/v1/showtimes]}: getShowtimes(Long,Long,String,String,String,String)
	{GET [/api/v1/showtimes/{id}/seats]}: getShowtimeSeats(Long)
2026-07-30 13:10:29.296 [restartedMain] DEBUG _.s.w.s.HandlerMapping.Mappings - 
	o.s.b.a.w.s.e.BasicErrorController:
	{ [/error], produces [text/html]}: errorHtml(HttpServletRequest,HttpServletResponse)
	{ [/error]}: error(HttpServletRequest)
2026-07-30 13:10:29.314 [restartedMain] DEBUG _.s.w.s.HandlerMapping.Mappings - 
	o.s.w.a.OpenApiWebMvcResource:
	{GET [/v3/api-docs.yaml], produces [application/vnd.oai.openapi]}: openapiYaml(HttpServletRequest,String,Locale)
	{GET [/v3/api-docs], produces [application/json]}: openapiJson(HttpServletRequest,String,Locale)
2026-07-30 13:10:29.316 [restartedMain] DEBUG _.s.w.s.HandlerMapping.Mappings - 
	o.s.w.u.SwaggerWelcomeWebMvc:
	{GET [/swagger-ui]}: redirectToUi(HttpServletRequest)
2026-07-30 13:10:29.317 [restartedMain] DEBUG _.s.w.s.HandlerMapping.Mappings - 
	o.s.w.u.SwaggerConfigResource:
	{GET [/v3/api-docs/swagger-config], produces [application/json]}: openapiJson(HttpServletRequest)
2026-07-30 13:10:29.321 [restartedMain] DEBUG o.s.w.s.m.m.a.RequestMappingHandlerMapping - 24 mappings in 'requestMappingHandlerMapping'
2026-07-30 13:10:29.338 [restartedMain] DEBUG _.s.w.s.HandlerMapping.Mappings - 'beanNameHandlerMapping' {}
2026-07-30 13:10:29.403 [restartedMain] DEBUG _.s.w.s.HandlerMapping.Mappings - 'resourceHandlerMapping' {/webjars/**=ResourceHttpRequestHandler [classpath [META-INF/resources/webjars/]], /**=ResourceHttpRequestHandler [classpath [META-INF/resources/], classpath [resources/], classpath [static/], classpath [public/], ServletContext [/]], /swagger-ui*/*swagger-initializer.js=ResourceHttpRequestHandler [classpath [META-INF/resources/webjars/]], /swagger-ui*/**=ResourceHttpRequestHandler [classpath [META-INF/resources/webjars/]]}
2026-07-30 13:10:29.571 [restartedMain] INFO  o.s.b.a.e.web.EndpointLinksResolver - Exposing 3 endpoints beneath base path '/actuator'
2026-07-30 13:10:29.900 [restartedMain] DEBUG o.s.w.s.m.m.a.RequestMappingHandlerAdapter - ControllerAdvice beans: 0 @ModelAttribute, 0 @InitBinder, 1 RequestBodyAdvice, 2 ResponseBodyAdvice
2026-07-30 13:10:29.960 [restartedMain] DEBUG o.s.w.s.m.m.a.ExceptionHandlerExceptionResolver - ControllerAdvice beans: 2 @ExceptionHandler, 2 ResponseBodyAdvice
2026-07-30 13:10:30.154 [restartedMain] DEBUG i.l.c.r.DefaultEventLoopGroupProvider - Creating executor io.netty.util.concurrent.DefaultEventExecutorGroup
2026-07-30 13:10:30.383 [restartedMain] INFO  o.s.b.a.h.H2ConsoleAutoConfiguration - H2 console available at '/h2-console'. Database available at 'jdbc:mysql://localhost:3306/ticket?useSSL=false&characterEncoding=UTF-8&serverTimezone=Asia/Ho_Chi_Minh&allowPublicKeyRetrieval=true&tinyInt1isBit=false'
2026-07-30 13:10:30.576 [restartedMain] DEBUG o.apache.catalina.util.LifecycleBase - Setting state for [Connector["http-nio-8081"]] to [STARTING_PREP]
2026-07-30 13:10:30.577 [restartedMain] DEBUG o.apache.catalina.util.LifecycleBase - Setting state for [Connector["http-nio-8081"]] to [STARTING]
2026-07-30 13:10:30.577 [restartedMain] INFO  o.a.coyote.http11.Http11NioProtocol - Starting ProtocolHandler ["http-nio-8081"]
2026-07-30 13:10:30.592 [restartedMain] DEBUG o.apache.catalina.util.LifecycleBase - Setting state for [Connector["http-nio-8081"]] to [STARTED]
2026-07-30 13:10:30.595 [restartedMain] INFO  o.s.b.w.e.tomcat.TomcatWebServer - Tomcat started on port 8081 (http) with context path '/'
2026-07-30 13:10:30.625 [restartedMain] INFO  c.t.TicketOnlineApplication - Started TicketOnlineApplication in 12.703 seconds (process running for 13.642)
2026-07-30 13:10:30.765 [scheduling-1] DEBUG org.hibernate.SQL - select b1_0.id,b1_0.booking_code,b1_0.confirmed_at,b1_0.created_at,b1_0.expires_at,b1_0.showtime_id,b1_0.status,b1_0.total_amount,b1_0.updated_at,b1_0.user_id from bookings b1_0 where b1_0.status='PENDING' and b1_0.expires_at<? order by b1_0.expires_at
2026-07-30 13:11:30.634 [scheduling-1] DEBUG org.hibernate.SQL - select b1_0.id,b1_0.booking_code,b1_0.confirmed_at,b1_0.created_at,b1_0.expires_at,b1_0.showtime_id,b1_0.status,b1_0.total_amount,b1_0.updated_at,b1_0.user_id from bookings b1_0 where b1_0.status='PENDING' and b1_0.expires_at<? order by b1_0.expires_at
2026-07-30 13:12:30.633 [scheduling-1] DEBUG org.hibernate.SQL - select b1_0.id,b1_0.booking_code,b1_0.confirmed_at,b1_0.created_at,b1_0.expires_at,b1_0.showtime_id,b1_0.status,b1_0.total_amount,b1_0.updated_at,b1_0.user_id from bookings b1_0 where b1_0.status='PENDING' and b1_0.expires_at<? order by b1_0.expires_at
2026-07-30 13:13:30.635 [scheduling-1] DEBUG org.hibernate.SQL - select b1_0.id,b1_0.booking_code,b1_0.confirmed_at,b1_0.created_at,b1_0.expires_at,b1_0.showtime_id,b1_0.status,b1_0.total_amount,b1_0.updated_at,b1_0.user_id from bookings b1_0 where b1_0.status='PENDING' and b1_0.expires_at<? order by b1_0.expires_at
2026-07-30 13:14:30.628 [scheduling-1] DEBUG org.hibernate.SQL - select b1_0.id,b1_0.booking_code,b1_0.confirmed_at,b1_0.created_at,b1_0.expires_at,b1_0.showtime_id,b1_0.status,b1_0.total_amount,b1_0.updated_at,b1_0.user_id from bookings b1_0 where b1_0.status='PENDING' and b1_0.expires_at<? order by b1_0.expires_at
2026-07-30 13:15:30.634 [scheduling-1] DEBUG org.hibernate.SQL - select b1_0.id,b1_0.booking_code,b1_0.confirmed_at,b1_0.created_at,b1_0.expires_at,b1_0.showtime_id,b1_0.status,b1_0.total_amount,b1_0.updated_at,b1_0.user_id from bookings b1_0 where b1_0.status='PENDING' and b1_0.expires_at<? order by b1_0.expires_at
2026-07-30 13:16:30.630 [scheduling-1] DEBUG org.hibernate.SQL - select b1_0.id,b1_0.booking_code,b1_0.confirmed_at,b1_0.created_at,b1_0.expires_at,b1_0.showtime_id,b1_0.status,b1_0.total_amount,b1_0.updated_at,b1_0.user_id from bookings b1_0 where b1_0.status='PENDING' and b1_0.expires_at<? order by b1_0.expires_at
2026-07-30 13:17:30.633 [scheduling-1] DEBUG org.hibernate.SQL - select b1_0.id,b1_0.booking_code,b1_0.confirmed_at,b1_0.created_at,b1_0.expires_at,b1_0.showtime_id,b1_0.status,b1_0.total_amount,b1_0.updated_at,b1_0.user_id from bookings b1_0 where b1_0.status='PENDING' and b1_0.expires_at<? order by b1_0.expires_at
2026-07-30 13:18:30.631 [scheduling-1] DEBUG org.hibernate.SQL - select b1_0.id,b1_0.booking_code,b1_0.confirmed_at,b1_0.created_at,b1_0.expires_at,b1_0.showtime_id,b1_0.status,b1_0.total_amount,b1_0.updated_at,b1_0.user_id from bookings b1_0 where b1_0.status='PENDING' and b1_0.expires_at<? order by b1_0.expires_at
2026-07-30 13:19:30.633 [scheduling-1] DEBUG org.hibernate.SQL - select b1_0.id,b1_0.booking_code,b1_0.confirmed_at,b1_0.created_at,b1_0.expires_at,b1_0.showtime_id,b1_0.status,b1_0.total_amount,b1_0.updated_at,b1_0.user_id from bookings b1_0 where b1_0.status='PENDING' and b1_0.expires_at<? order by b1_0.expires_at
2026-07-30 13:20:30.632 [scheduling-1] DEBUG org.hibernate.SQL - select b1_0.id,b1_0.booking_code,b1_0.confirmed_at,b1_0.created_at,b1_0.expires_at,b1_0.showtime_id,b1_0.status,b1_0.total_amount,b1_0.updated_at,b1_0.user_id from bookings b1_0 where b1_0.status='PENDING' and b1_0.expires_at<? order by b1_0.expires_at
2026-07-30 13:21:30.630 [scheduling-1] DEBUG org.hibernate.SQL - select b1_0.id,b1_0.booking_code,b1_0.confirmed_at,b1_0.created_at,b1_0.expires_at,b1_0.showtime_id,b1_0.status,b1_0.total_amount,b1_0.updated_at,b1_0.user_id from bookings b1_0 where b1_0.status='PENDING' and b1_0.expires_at<? order by b1_0.expires_at
2026-07-30 13:22:30.631 [scheduling-1] DEBUG org.hibernate.SQL - select b1_0.id,b1_0.booking_code,b1_0.confirmed_at,b1_0.created_at,b1_0.expires_at,b1_0.showtime_id,b1_0.status,b1_0.total_amount,b1_0.updated_at,b1_0.user_id from bookings b1_0 where b1_0.status='PENDING' and b1_0.expires_at<? order by b1_0.expires_at
2026-07-30 13:23:30.628 [scheduling-1] DEBUG org.hibernate.SQL - select b1_0.id,b1_0.booking_code,b1_0.confirmed_at,b1_0.created_at,b1_0.expires_at,b1_0.showtime_id,b1_0.status,b1_0.total_amount,b1_0.updated_at,b1_0.user_id from bookings b1_0 where b1_0.status='PENDING' and b1_0.expires_at<? order by b1_0.expires_at
2026-07-30 13:24:30.630 [scheduling-1] DEBUG org.hibernate.SQL - select b1_0.id,b1_0.booking_code,b1_0.confirmed_at,b1_0.created_at,b1_0.expires_at,b1_0.showtime_id,b1_0.status,b1_0.total_amount,b1_0.updated_at,b1_0.user_id from bookings b1_0 where b1_0.status='PENDING' and b1_0.expires_at<? order by b1_0.expires_at
2026-07-30 13:25:30.641 [scheduling-1] DEBUG org.hibernate.SQL - select b1_0.id,b1_0.booking_code,b1_0.confirmed_at,b1_0.created_at,b1_0.expires_at,b1_0.showtime_id,b1_0.status,b1_0.total_amount,b1_0.updated_at,b1_0.user_id from bookings b1_0 where b1_0.status='PENDING' and b1_0.expires_at<? order by b1_0.expires_at
2026-07-30 13:26:30.632 [scheduling-1] DEBUG org.hibernate.SQL - select b1_0.id,b1_0.booking_code,b1_0.confirmed_at,b1_0.created_at,b1_0.expires_at,b1_0.showtime_id,b1_0.status,b1_0.total_amount,b1_0.updated_at,b1_0.user_id from bookings b1_0 where b1_0.status='PENDING' and b1_0.expires_at<? order by b1_0.expires_at
2026-07-30 13:27:30.633 [scheduling-1] DEBUG org.hibernate.SQL - select b1_0.id,b1_0.booking_code,b1_0.confirmed_at,b1_0.created_at,b1_0.expires_at,b1_0.showtime_id,b1_0.status,b1_0.total_amount,b1_0.updated_at,b1_0.user_id from bookings b1_0 where b1_0.status='PENDING' and b1_0.expires_at<? order by b1_0.expires_at
2026-07-30 13:28:30.630 [scheduling-1] DEBUG org.hibernate.SQL - select b1_0.id,b1_0.booking_code,b1_0.confirmed_at,b1_0.created_at,b1_0.expires_at,b1_0.showtime_id,b1_0.status,b1_0.total_amount,b1_0.updated_at,b1_0.user_id from bookings b1_0 where b1_0.status='PENDING' and b1_0.expires_at<? order by b1_0.expires_at
2026-07-30 13:29:30.630 [scheduling-1] DEBUG org.hibernate.SQL - select b1_0.id,b1_0.booking_code,b1_0.confirmed_at,b1_0.created_at,b1_0.expires_at,b1_0.showtime_id,b1_0.status,b1_0.total_amount,b1_0.updated_at,b1_0.user_id from bookings b1_0 where b1_0.status='PENDING' and b1_0.expires_at<? order by b1_0.expires_at
2026-07-30 13:30:30.632 [scheduling-1] DEBUG org.hibernate.SQL - select b1_0.id,b1_0.booking_code,b1_0.confirmed_at,b1_0.created_at,b1_0.expires_at,b1_0.showtime_id,b1_0.status,b1_0.total_amount,b1_0.updated_at,b1_0.user_id from bookings b1_0 where b1_0.status='PENDING' and b1_0.expires_at<? order by b1_0.expires_at
2026-07-30 13:31:30.630 [scheduling-1] DEBUG org.hibernate.SQL - select b1_0.id,b1_0.booking_code,b1_0.confirmed_at,b1_0.created_at,b1_0.expires_at,b1_0.showtime_id,b1_0.status,b1_0.total_amount,b1_0.updated_at,b1_0.user_id from bookings b1_0 where b1_0.status='PENDING' and b1_0.expires_at<? order by b1_0.expires_at
2026-07-30 13:32:30.628 [scheduling-1] DEBUG org.hibernate.SQL - select b1_0.id,b1_0.booking_code,b1_0.confirmed_at,b1_0.created_at,b1_0.expires_at,b1_0.showtime_id,b1_0.status,b1_0.total_amount,b1_0.updated_at,b1_0.user_id from bookings b1_0 where b1_0.status='PENDING' and b1_0.expires_at<? order by b1_0.expires_at
2026-07-30 13:32:54.676 [http-nio-8081-exec-1] DEBUG o.a.coyote.http11.Http11Processor - Error parsing HTTP request header
java.io.EOFException: null
	at org.apache.tomcat.util.net.NioEndpoint$NioSocketWrapper.fillReadBuffer(NioEndpoint.java:1293)
	at org.apache.tomcat.util.net.NioEndpoint$NioSocketWrapper.read(NioEndpoint.java:1181)
	at org.apache.coyote.http11.Http11InputBuffer.fill(Http11InputBuffer.java:792)
	at org.apache.coyote.http11.Http11InputBuffer.parseRequestLine(Http11InputBuffer.java:348)
	at org.apache.coyote.http11.Http11Processor.service(Http11Processor.java:270)
	at org.apache.coyote.AbstractProcessorLight.process(AbstractProcessorLight.java:63)
	at org.apache.coyote.AbstractProtocol$ConnectionHandler.process(AbstractProtocol.java:905)
	at org.apache.tomcat.util.net.NioEndpoint$SocketProcessor.doRun(NioEndpoint.java:1741)
	at org.apache.tomcat.util.net.SocketProcessorBase.run(SocketProcessorBase.java:52)
	at org.apache.tomcat.util.threads.ThreadPoolExecutor.runWorker(ThreadPoolExecutor.java:1190)
	at org.apache.tomcat.util.threads.ThreadPoolExecutor$Worker.run(ThreadPoolExecutor.java:659)
	at org.apache.tomcat.util.threads.TaskThread$WrappingRunnable.run(TaskThread.java:63)
	at java.base/java.lang.Thread.run(Thread.java:840)
2026-07-30 13:32:54.676 [http-nio-8081-exec-1] DEBUG o.a.coyote.http11.Http11Processor - Error state [CLOSE_CONNECTION_NOW] reported while processing request
java.io.EOFException: null
	at org.apache.tomcat.util.net.NioEndpoint$NioSocketWrapper.fillReadBuffer(NioEndpoint.java:1293)
	at org.apache.tomcat.util.net.NioEndpoint$NioSocketWrapper.read(NioEndpoint.java:1181)
	at org.apache.coyote.http11.Http11InputBuffer.fill(Http11InputBuffer.java:792)
	at org.apache.coyote.http11.Http11InputBuffer.parseRequestLine(Http11InputBuffer.java:348)
	at org.apache.coyote.http11.Http11Processor.service(Http11Processor.java:270)
	at org.apache.coyote.AbstractProcessorLight.process(AbstractProcessorLight.java:63)
	at org.apache.coyote.AbstractProtocol$ConnectionHandler.process(AbstractProtocol.java:905)
	at org.apache.tomcat.util.net.NioEndpoint$SocketProcessor.doRun(NioEndpoint.java:1741)
	at org.apache.tomcat.util.net.SocketProcessorBase.run(SocketProcessorBase.java:52)
	at org.apache.tomcat.util.threads.ThreadPoolExecutor.runWorker(ThreadPoolExecutor.java:1190)
	at org.apache.tomcat.util.threads.ThreadPoolExecutor$Worker.run(ThreadPoolExecutor.java:659)
	at org.apache.tomcat.util.threads.TaskThread$WrappingRunnable.run(TaskThread.java:63)
	at java.base/java.lang.Thread.run(Thread.java:840)
2026-07-30 13:33:15.792 [http-nio-8081-exec-2] DEBUG o.a.coyote.http11.Http11Processor - Error parsing HTTP request header
java.io.EOFException: null
	at org.apache.tomcat.util.net.NioEndpoint$NioSocketWrapper.fillReadBuffer(NioEndpoint.java:1293)
	at org.apache.tomcat.util.net.NioEndpoint$NioSocketWrapper.read(NioEndpoint.java:1181)
	at org.apache.coyote.http11.Http11InputBuffer.fill(Http11InputBuffer.java:792)
	at org.apache.coyote.http11.Http11InputBuffer.parseRequestLine(Http11InputBuffer.java:348)
	at org.apache.coyote.http11.Http11Processor.service(Http11Processor.java:270)
	at org.apache.coyote.AbstractProcessorLight.process(AbstractProcessorLight.java:63)
	at org.apache.coyote.AbstractProtocol$ConnectionHandler.process(AbstractProtocol.java:905)
	at org.apache.tomcat.util.net.NioEndpoint$SocketProcessor.doRun(NioEndpoint.java:1741)
	at org.apache.tomcat.util.net.SocketProcessorBase.run(SocketProcessorBase.java:52)
	at org.apache.tomcat.util.threads.ThreadPoolExecutor.runWorker(ThreadPoolExecutor.java:1190)
	at org.apache.tomcat.util.threads.ThreadPoolExecutor$Worker.run(ThreadPoolExecutor.java:659)
	at org.apache.tomcat.util.threads.TaskThread$WrappingRunnable.run(TaskThread.java:63)
	at java.base/java.lang.Thread.run(Thread.java:840)
2026-07-30 13:33:15.792 [http-nio-8081-exec-2] DEBUG o.a.coyote.http11.Http11Processor - Error state [CLOSE_CONNECTION_NOW] reported while processing request
java.io.EOFException: null
	at org.apache.tomcat.util.net.NioEndpoint$NioSocketWrapper.fillReadBuffer(NioEndpoint.java:1293)
	at org.apache.tomcat.util.net.NioEndpoint$NioSocketWrapper.read(NioEndpoint.java:1181)
	at org.apache.coyote.http11.Http11InputBuffer.fill(Http11InputBuffer.java:792)
	at org.apache.coyote.http11.Http11InputBuffer.parseRequestLine(Http11InputBuffer.java:348)
	at org.apache.coyote.http11.Http11Processor.service(Http11Processor.java:270)
	at org.apache.coyote.AbstractProcessorLight.process(AbstractProcessorLight.java:63)
	at org.apache.coyote.AbstractProtocol$ConnectionHandler.process(AbstractProtocol.java:905)
	at org.apache.tomcat.util.net.NioEndpoint$SocketProcessor.doRun(NioEndpoint.java:1741)
	at org.apache.tomcat.util.net.SocketProcessorBase.run(SocketProcessorBase.java:52)
	at org.apache.tomcat.util.threads.ThreadPoolExecutor.runWorker(ThreadPoolExecutor.java:1190)
	at org.apache.tomcat.util.threads.ThreadPoolExecutor$Worker.run(ThreadPoolExecutor.java:659)
	at org.apache.tomcat.util.threads.TaskThread$WrappingRunnable.run(TaskThread.java:63)
	at java.base/java.lang.Thread.run(Thread.java:840)
2026-07-30 13:33:30.636 [scheduling-1] DEBUG org.hibernate.SQL - select b1_0.id,b1_0.booking_code,b1_0.confirmed_at,b1_0.created_at,b1_0.expires_at,b1_0.showtime_id,b1_0.status,b1_0.total_amount,b1_0.updated_at,b1_0.user_id from bookings b1_0 where b1_0.status='PENDING' and b1_0.expires_at<? order by b1_0.expires_at
2026-07-30 13:34:30.631 [scheduling-1] DEBUG org.hibernate.SQL - select b1_0.id,b1_0.booking_code,b1_0.confirmed_at,b1_0.created_at,b1_0.expires_at,b1_0.showtime_id,b1_0.status,b1_0.total_amount,b1_0.updated_at,b1_0.user_id from bookings b1_0 where b1_0.status='PENDING' and b1_0.expires_at<? order by b1_0.expires_at
2026-07-30 13:35:30.628 [scheduling-1] DEBUG org.hibernate.SQL - select b1_0.id,b1_0.booking_code,b1_0.confirmed_at,b1_0.created_at,b1_0.expires_at,b1_0.showtime_id,b1_0.status,b1_0.total_amount,b1_0.updated_at,b1_0.user_id from bookings b1_0 where b1_0.status='PENDING' and b1_0.expires_at<? order by b1_0.expires_at
